{
	"credit": "Made with Blockbench",
	"textures": {
		"base": "block/brewing_stand_base",
		"stand": "block/brewing_stand",
		"particle": "block/brewing_stand_empty",
		"1_stand": "block/brewing_stand_empty"
	},
	"elements": [
		{
			"from": [7, 0.0001, 7],
			"to": [9, 14.0001, 9],
			"faces": {
				"north": {"uv": [7, 2, 9, 16], "texture": "#stand"},
				"east": {"uv": [7, 2, 9, 16], "texture": "#stand"},
				"south": {"uv": [7, 2, 9, 16], "texture": "#stand"},
				"west": {"uv": [7, 2, 9, 16], "texture": "#stand"},
				"up": {"uv": [7, 7, 9, 9], "texture": "#stand"},
				"down": {"uv": [7, 7, 9, 9], "texture": "#stand"}
			}
		},
		{
			"from": [9, 0, 5],
			"to": [15, 2, 11],
			"faces": {
				"north": {"uv": [9, 14, 15, 16], "texture": "#base"},
				"east": {"uv": [5, 14, 11, 16], "texture": "#base"},
				"south": {"uv": [9, 14, 15, 16], "texture": "#base"},
				"west": {"uv": [5, 14, 11, 16], "texture": "#base"},
				"up": {"uv": [9, 5, 15, 11], "texture": "#base"},
				"down": {"uv": [9, 5, 15, 11], "texture": "#base", "cullface": "down"}
			}
		},
		{
			"from": [2, 0, 1],
			"to": [8, 2, 7],
			"faces": {
				"north": {"uv": [2, 14, 8, 16], "texture": "#base"},
				"east": {"uv": [1, 14, 7, 16], "texture": "#base"},
				"south": {"uv": [2, 14, 8, 16], "texture": "#base"},
				"west": {"uv": [1, 14, 7, 16], "texture": "#base"},
				"up": {"uv": [2, 1, 8, 7], "texture": "#base"},
				"down": {"uv": [2, 1, 8, 7], "texture": "#base", "cullface": "down"}
			}
		},
		{
			"from": [2, 0, 9],
			"to": [8, 2, 15],
			"faces": {
				"north": {"uv": [2, 14, 8, 16], "texture": "#base"},
				"east": {"uv": [9, 14, 15, 16], "texture": "#base"},
				"south": {"uv": [2, 14, 8, 16], "texture": "#base"},
				"west": {"uv": [9, 14, 15, 16], "texture": "#base"},
				"up": {"uv": [2, 9, 8, 15], "texture": "#base"},
				"down": {"uv": [2, 9, 8, 15], "texture": "#base", "cullface": "down"}
			}
		},
		{
			"name": "empty",
			"from": [9, 3, 7.5],
			"to": [10, 14, 8.5],
			"faces": {
				"north": {"uv": [6, 2, 7, 13], "texture": "#1_stand"},
				"east": {"uv": [6, 2, 7, 13], "texture": "#1_stand"},
				"south": {"uv": [7, 2, 6, 13], "texture": "#1_stand"},
				"west": {"uv": [6, 2, 7, 13], "texture": "#1_stand"},
				"up": {"uv": [7, 2, 6, 3], "texture": "#1_stand"},
				"down": {"uv": [6, 12, 7, 13], "texture": "#1_stand"}
			}
		},
		{
			"name": "empty",
			"from": [10, 12, 7.5],
			"to": [11, 15, 8.5],
			"faces": {
				"north": {"uv": [4, 1, 5, 4], "texture": "#1_stand"},
				"east": {"uv": [4, 1, 5, 4], "texture": "#1_stand"},
				"south": {"uv": [4, 1, 5, 4], "texture": "#1_stand"},
				"west": {"uv": [4, 1, 5, 4], "texture": "#1_stand"},
				"up": {"uv": [4, 1, 5, 2], "texture": "#1_stand"},
				"down": {"uv": [4, 3, 5, 4], "texture": "#1_stand"}
			}
		},
		{
			"name": "empty",
			"from": [11, 6, 7.5],
			"to": [12, 16, 8.5],
			"faces": {
				"north": {"uv": [12, 0, 13, 10], "texture": "#1_stand"},
				"east": {"uv": [12, 0, 13, 10], "texture": "#1_stand"},
				"south": {"uv": [12, 0, 13, 10], "texture": "#1_stand"},
				"west": {"uv": [12, 0, 13, 10], "texture": "#1_stand"},
				"up": {"uv": [12, 0, 13, 1], "texture": "#1_stand"},
				"down": {"uv": [12, 9, 13, 10], "texture": "#1_stand"}
			}
		},
		{
			"name": "empty",
			"from": [12, 11, 7.5],
			"to": [13, 13, 8.5],
			"faces": {
				"north": {"uv": [13, 3, 14, 5], "texture": "#1_stand"},
				"east": {"uv": [2, 3, 3, 5], "texture": "#1_stand"},
				"south": {"uv": [13, 3, 14, 5], "texture": "#1_stand"},
				"west": {"uv": [13, 3, 14, 5], "texture": "#1_stand"},
				"up": {"uv": [13, 3, 14, 4], "texture": "#1_stand"},
				"down": {"uv": [13, 4, 14, 5], "texture": "#1_stand"}
			}
		},
		{
			"name": "empty",
			"from": [6.64574, 3, 5.94005],
			"to": [7.64574, 14, 6.94005],
			"rotation": {"angle": 45, "axis": "y", "origin": [7.64574, 0, 6.94005]},
			"faces": {
				"north": {"uv": [6, 2, 7, 13], "texture": "#1_stand"},
				"east": {"uv": [7, 2, 6, 13], "texture": "#1_stand"},
				"south": {"uv": [6, 2, 7, 13], "texture": "#1_stand"},
				"west": {"uv": [6, 2, 7, 13], "texture": "#1_stand"},
				"up": {"uv": [7, 2, 6, 3], "rotation": 270, "texture": "#1_stand"},
				"down": {"uv": [6, 12, 7, 13], "rotation": 90, "texture": "#1_stand"}
			}
		},
		{
			"name": "empty",
			"from": [6.64574, 12, 4.94005],
			"to": [7.64574, 15, 5.94005],
			"rotation": {"angle": 45, "axis": "y", "origin": [7.64574, 0, 6.94005]},
			"faces": {
				"north": {"uv": [4, 1, 5, 4], "texture": "#1_stand"},
				"east": {"uv": [4, 1, 5, 4], "texture": "#1_stand"},
				"south": {"uv": [4, 1, 5, 4], "texture": "#1_stand"},
				"west": {"uv": [4, 1, 5, 4], "texture": "#1_stand"},
				"up": {"uv": [4, 1, 5, 2], "rotation": 270, "texture": "#1_stand"},
				"down": {"uv": [4, 3, 5, 4], "rotation": 90, "texture": "#1_stand"}
			}
		},
		{
			"name": "empty",
			"from": [6.64574, 6, 3.94005],
			"to": [7.64574, 16, 4.94005],
			"rotation": {"angle": 45, "axis": "y", "origin": [7.64574, 0, 6.94005]},
			"faces": {
				"north": {"uv": [12, 0, 13, 10], "texture": "#1_stand"},
				"east": {"uv": [12, 0, 13, 10], "texture": "#1_stand"},
				"south": {"uv": [12, 0, 13, 10], "texture": "#1_stand"},
				"west": {"uv": [12, 0, 13, 10], "texture": "#1_stand"},
				"up": {"uv": [12, 0, 13, 1], "rotation": 270, "texture": "#1_stand"},
				"down": {"uv": [12, 9, 13, 10], "rotation": 90, "texture": "#1_stand"}
			}
		},
		{
			"name": "empty",
			"from": [6.64574, 11, 2.94005],
			"to": [7.64574, 13, 3.94005],
			"rotation": {"angle": 45, "axis": "y", "origin": [7.64574, 0, 6.94005]},
			"faces": {
				"north": {"uv": [2, 3, 3, 5], "texture": "#1_stand"},
				"east": {"uv": [13, 3, 14, 5], "texture": "#1_stand"},
				"south": {"uv": [13, 3, 14, 5], "texture": "#1_stand"},
				"west": {"uv": [13, 3, 14, 5], "texture": "#1_stand"},
				"up": {"uv": [13, 3, 14, 4], "rotation": 270, "texture": "#1_stand"},
				"down": {"uv": [13, 4, 14, 5], "rotation": 90, "texture": "#1_stand"}
			}
		},
		{
			"name": "empty",
			"from": [6.50298, 3, 8.49702],
			"to": [7.50298, 14, 9.49702],
			"rotation": {"angle": -45, "axis": "y", "origin": [7.00298, 0, 8.99702]},
			"faces": {
				"north": {"uv": [6, 2, 7, 13], "texture": "#1_stand"},
				"east": {"uv": [6, 2, 7, 13], "texture": "#1_stand"},
				"south": {"uv": [6, 2, 7, 13], "texture": "#1_stand"},
				"west": {"uv": [7, 2, 6, 13], "texture": "#1_stand"},
				"up": {"uv": [7, 2, 6, 3], "rotation": 90, "texture": "#1_stand"},
				"down": {"uv": [6, 12, 7, 13], "rotation": 270, "texture": "#1_stand"}
			}
		},
		{
			"name": "empty",
			"from": [6.50298, 12, 9.49702],
			"to": [7.50298, 15, 10.49702],
			"rotation": {"angle": -45, "axis": "y", "origin": [7.00298, 0, 8.99702]},
			"faces": {
				"north": {"uv": [4, 1, 5, 4], "texture": "#1_stand"},
				"east": {"uv": [4, 1, 5, 4], "texture": "#1_stand"},
				"south": {"uv": [4, 1, 5, 4], "texture": "#1_stand"},
				"west": {"uv": [4, 1, 5, 4], "texture": "#1_stand"},
				"up": {"uv": [4, 1, 5, 2], "rotation": 90, "texture": "#1_stand"},
				"down": {"uv": [4, 3, 5, 4], "rotation": 270, "texture": "#1_stand"}
			}
		},
		{
			"name": "empty",
			"from": [6.50298, 6, 10.49702],
			"to": [7.50298, 16, 11.49702],
			"rotation": {"angle": -45, "axis": "y", "origin": [7.00298, 0, 8.99702]},
			"faces": {
				"north": {"uv": [12, 0, 13, 10], "texture": "#1_stand"},
				"east": {"uv": [12, 0, 13, 10], "texture": "#1_stand"},
				"south": {"uv": [12, 0, 13, 10], "texture": "#1_stand"},
				"west": {"uv": [12, 0, 13, 10], "texture": "#1_stand"},
				"up": {"uv": [12, 0, 13, 1], "rotation": 90, "texture": "#1_stand"},
				"down": {"uv": [12, 9, 13, 10], "rotation": 270, "texture": "#1_stand"}
			}
		},
		{
			"name": "empty",
			"from": [6.50298, 11, 11.49702],
			"to": [7.50298, 13, 12.49702],
			"rotation": {"angle": -45, "axis": "y", "origin": [7.00298, 0, 8.99702]},
			"faces": {
				"north": {"uv": [13, 3, 14, 5], "texture": "#1_stand"},
				"east": {"uv": [13, 3, 14, 5], "texture": "#1_stand"},
				"south": {"uv": [2, 3, 3, 5], "texture": "#1_stand"},
				"west": {"uv": [13, 3, 14, 5], "texture": "#1_stand"},
				"up": {"uv": [13, 3, 14, 4], "rotation": 90, "texture": "#1_stand"},
				"down": {"uv": [13, 4, 14, 5], "rotation": 270, "texture": "#1_stand"}
			}
		}
	],
	"display": {
		"thirdperson_righthand": {
			"rotation": [75, 45, 0],
			"translation": [0, 2.5, 0],
			"scale": [0.375, 0.375, 0.375]
		},
		"thirdperson_lefthand": {
			"rotation": [75, 45, 0],
			"translation": [0, 2.5, 0],
			"scale": [0.375, 0.375, 0.375]
		},
		"firstperson_righthand": {
			"rotation": [0, 45, 0],
			"scale": [0.4, 0.4, 0.4]
		},
		"firstperson_lefthand": {
			"rotation": [0, 225, 0],
			"scale": [0.4, 0.4, 0.4]
		},
		"ground": {
			"translation": [0, 3, 0],
			"scale": [0.25, 0.25, 0.25]
		},
		"gui": {
			"rotation": [30, 225, 0],
			"scale": [0.625, 0.625, 0.625]
		},
		"head": {
			"rotation": [0, 180, 0],
			"translation": [0, 14.4, -0.25]
		},
		"fixed": {
			"rotation": [-90, 0, 0],
			"translation": [0, 0, -4],
			"scale": [0.5, 0.5, 0.5]
		}
	},
	"groups": [
		0,
		1,
		2,
		3,
		{
			"name": "brewing_stand_empty0",
			"origin": [8, 8, 8],
			"color": 0,
			"children": [4, 5, 6, 7]
		},
		{
			"name": "brewing_stand_empty1",
			"origin": [8, 8, 8],
			"color": 0,
			"children": [8, 9, 10, 11]
		},
		{
			"name": "brewing_stand_empty2",
			"origin": [8, 8, 8],
			"color": 0,
			"children": [12, 13, 14, 15]
		}
	]
}