{
	"credit": "Made with Blockbench Wooferscoots was here",
	"textures": {
		"1": "items/brewing_potion",
		"particle": "items/brewing_potion",
		"stand": "block/brewing_stand"
	},
	"elements": [
		{
			"from": [3.49742, 2, 10.19243],
			"to": [5.99742, 5, 12.69243],
			"rotation": {"angle": -45, "axis": "y", "origin": [5.20575, 7.6875, 11.44243]},
			"faces": {
				"north": {"uv": [2.5, 3, 5, 6], "texture": "#1"},
				"east": {"uv": [0, 0, 2.5, 3], "texture": "#1"},
				"south": {"uv": [2.5, 0, 5, 3], "texture": "#1"},
				"west": {"uv": [0, 3, 2.5, 6], "texture": "#1"},
				"up": {"uv": [7.5, 2.5, 5, 0], "rotation": 90, "texture": "#1"},
				"down": {"uv": [7.5, 2.5, 5, 5], "rotation": 270, "texture": "#1"}
			}
		},
		{
			"from": [3.99742, 5.5, 10.69243],
			"to": [5.49742, 6, 12.19243],
			"rotation": {"angle": -45, "axis": "y", "origin": [5.20575, 7.6875, 11.44243]},
			"faces": {
				"north": {"uv": [5.5, 7, 6.5, 7.5], "texture": "#1"},
				"east": {"uv": [5.5, 7, 6.5, 7.5], "texture": "#1"},
				"south": {"uv": [5.5, 7, 6.5, 7.5], "texture": "#1"},
				"west": {"uv": [5.5, 7, 6.5, 7.5], "texture": "#1"},
				"up": {"uv": [6, 7.5, 5.5, 7], "rotation": 90, "texture": "#1"},
				"down": {"uv": [5, 6, 3.5, 7.5], "rotation": 270, "texture": "#1"}
			}
		},
		{
			"from": [3.99742, 5, 11.69243],
			"to": [4.49742, 5.5, 12.19243],
			"rotation": {"angle": -45, "axis": "y", "origin": [5.20575, 7.6875, 11.44243]},
			"faces": {
				"north": {"uv": [6.5, 7, 8, 7.5], "texture": "#1"},
				"east": {"uv": [5, 7, 6.5, 7.5], "texture": "#1"},
				"south": {"uv": [7, 5, 8.5, 5.5], "texture": "#1"},
				"west": {"uv": [7, 6, 8.5, 6.5], "texture": "#1"},
				"up": {"uv": [3.5, 7.5, 2, 6], "rotation": 90, "texture": "#1"},
				"down": {"uv": [5, 6, 3.5, 7.5], "rotation": 270, "texture": "#1"}
			}
		},
		{
			"from": [4.99742, 5, 11.69243],
			"to": [5.49742, 5.5, 12.19243],
			"rotation": {"angle": -45, "axis": "y", "origin": [5.20575, 7.6875, 11.44243]},
			"faces": {
				"north": {"uv": [6.5, 7, 8, 7.5], "texture": "#1"},
				"east": {"uv": [5, 7, 6.5, 7.5], "texture": "#1"},
				"south": {"uv": [7, 5, 8.5, 5.5], "texture": "#1"},
				"west": {"uv": [7, 6, 8.5, 6.5], "texture": "#1"},
				"up": {"uv": [3.5, 7.5, 2, 6], "rotation": 90, "texture": "#1"},
				"down": {"uv": [5, 6, 3.5, 7.5], "rotation": 270, "texture": "#1"}
			}
		},
		{
			"from": [4.99742, 5, 10.69243],
			"to": [5.49742, 5.5, 11.19243],
			"rotation": {"angle": -45, "axis": "y", "origin": [5.20575, 7.6875, 11.44243]},
			"faces": {
				"north": {"uv": [6.5, 7, 8, 7.5], "texture": "#1"},
				"east": {"uv": [5, 7, 6.5, 7.5], "texture": "#1"},
				"south": {"uv": [7, 5, 8.5, 5.5], "texture": "#1"},
				"west": {"uv": [7, 6, 8.5, 6.5], "texture": "#1"},
				"up": {"uv": [3.5, 7.5, 2, 6], "rotation": 90, "texture": "#1"},
				"down": {"uv": [5, 6, 3.5, 7.5], "rotation": 270, "texture": "#1"}
			}
		},
		{
			"from": [3.99742, 5, 10.69243],
			"to": [4.49742, 5.5, 11.19243],
			"rotation": {"angle": -45, "axis": "y", "origin": [5.20575, 7.6875, 11.44243]},
			"faces": {
				"north": {"uv": [6.5, 7, 8, 7.5], "texture": "#1"},
				"east": {"uv": [5, 7, 6.5, 7.5], "texture": "#1"},
				"south": {"uv": [7, 5, 8.5, 5.5], "texture": "#1"},
				"west": {"uv": [7, 6, 8.5, 6.5], "texture": "#1"},
				"up": {"uv": [3.5, 7.5, 2, 6], "rotation": 90, "texture": "#1"},
				"down": {"uv": [5, 6, 3.5, 7.5], "rotation": 270, "texture": "#1"}
			}
		},
		{
			"from": [4.24742, 3, 7.94243],
			"to": [5.24742, 14, 8.94243],
			"rotation": {"angle": -45, "axis": "y", "origin": [5.20575, 7.6875, 11.44243]},
			"faces": {
				"north": {"uv": [6, 2, 7, 13], "texture": "#stand"},
				"east": {"uv": [6, 2, 7, 13], "texture": "#stand"},
				"south": {"uv": [6, 2, 7, 13], "texture": "#stand"},
				"west": {"uv": [7, 2, 6, 13], "texture": "#stand"},
				"up": {"uv": [7, 2, 6, 3], "rotation": 90, "texture": "#stand"},
				"down": {"uv": [6, 12, 7, 13], "rotation": 270, "texture": "#stand"}
			}
		},
		{
			"from": [4.24742, 12, 8.94243],
			"to": [5.24742, 15, 9.94243],
			"rotation": {"angle": -45, "axis": "y", "origin": [5.20575, 7.6875, 11.44243]},
			"faces": {
				"north": {"uv": [4, 1, 5, 4], "texture": "#stand"},
				"east": {"uv": [4, 1, 5, 4], "texture": "#stand"},
				"south": {"uv": [4, 1, 5, 4], "texture": "#stand"},
				"west": {"uv": [4, 1, 5, 4], "texture": "#stand"},
				"up": {"uv": [4, 1, 5, 2], "rotation": 90, "texture": "#stand"},
				"down": {"uv": [4, 3, 5, 4], "rotation": 270, "texture": "#stand"}
			}
		},
		{
			"from": [4.24742, 10, 9.94243],
			"to": [5.24742, 16, 10.94243],
			"rotation": {"angle": -45, "axis": "y", "origin": [5.20575, 7.6875, 11.44243]},
			"faces": {
				"north": {"uv": [3, 0, 4, 6], "texture": "#stand"},
				"east": {"uv": [3, 0, 4, 6], "texture": "#stand"},
				"south": {"uv": [3, 0, 4, 6], "texture": "#stand"},
				"west": {"uv": [3, 0, 4, 6], "texture": "#stand"},
				"up": {"uv": [3, 0, 4, 1], "rotation": 90, "texture": "#stand"},
				"down": {"uv": [3, 5, 4, 6], "rotation": 270, "texture": "#stand"}
			}
		},
		{
			"from": [4.24742, 6, 10.94243],
			"to": [5.24742, 10, 11.94243],
			"rotation": {"angle": -45, "axis": "y", "origin": [5.20575, 7.6875, 11.44243]},
			"faces": {
				"north": {"uv": [15, 12, 16, 16], "texture": "#stand"},
				"east": {"uv": [15, 12, 16, 16], "texture": "#stand"},
				"south": {"uv": [15, 12, 16, 16], "texture": "#stand"},
				"west": {"uv": [15, 12, 16, 16], "texture": "#stand"},
				"up": {"uv": [15, 13, 16, 14], "rotation": 90, "texture": "#stand"},
				"down": {"uv": [15, 15, 16, 16], "rotation": 270, "texture": "#stand"}
			}
		},
		{
			"from": [4.24742, 11, 10.94243],
			"to": [5.24742, 13, 11.94243],
			"rotation": {"angle": -45, "axis": "y", "origin": [5.20575, 7.6875, 11.44243]},
			"faces": {
				"north": {"uv": [2, 3, 3, 5], "texture": "#stand"},
				"east": {"uv": [2, 3, 3, 5], "texture": "#stand"},
				"south": {"uv": [2, 3, 3, 5], "texture": "#stand"},
				"west": {"uv": [2, 3, 3, 5], "texture": "#stand"},
				"up": {"uv": [2, 3, 3, 4], "rotation": 90, "texture": "#stand"},
				"down": {"uv": [2, 4, 3, 5], "rotation": 270, "texture": "#stand"}
			}
		}
	],
	"display": {
		"thirdperson_righthand": {
			"rotation": [75, 45, 0],
			"translation": [0, 1.5, 2.75],
			"scale": [0.5, 0.5, 0.5]
		},
		"thirdperson_lefthand": {
			"rotation": [75, 45, 0],
			"translation": [0, 1.5, 2.75],
			"scale": [0.5, 0.5, 0.5]
		},
		"firstperson_righthand": {
			"rotation": [0, -45, 0],
			"translation": [0, 4, 0],
			"scale": [0.5, 0.5, 0.5]
		},
		"firstperson_lefthand": {
			"rotation": [0, -45, 0],
			"translation": [0, 4, 0],
			"scale": [0.5, 0.5, 0.5]
		},
		"ground": {
			"translation": [0, 2, 0],
			"scale": [0.5, 0.5, 0.5]
		},
		"gui": {
			"rotation": [30, -45, 0],
			"translation": [0, 3.25, 0]
		},
		"head": {
			"translation": [0, 14.4, 0]
		},
		"fixed": {
			"rotation": [-90, 0, 0],
			"translation": [0, 0, -8]
		}
	},
	"groups": [
		{
			"name": "potion",
			"origin": [8, 8, 8],
			"color": 0,
			"children": [
				{
					"name": "potion",
					"origin": [8, 8, 8],
					"color": 0,
					"children": [0, 1, 2, 3, 4, 5]
				}
			]
		},
		6,
		7,
		8,
		9,
		10
	]
}