{
	"credit": "Made with Blockbench",
	"textures": {
		"particle": "block/brewing_stand_empty",
		"stand": "block/brewing_stand_empty"
	},
	"elements": [
		{
			"name": "empty",
			"from": [6.64574, 3, 5.94005],
			"to": [7.64574, 14, 6.94005],
			"rotation": {"angle": 45, "axis": "y", "origin": [7.64574, 0, 6.94005]},
			"faces": {
				"north": {"uv": [6, 2, 7, 13], "texture": "#stand"},
				"east": {"uv": [7, 2, 6, 13], "texture": "#stand"},
				"south": {"uv": [6, 2, 7, 13], "texture": "#stand"},
				"west": {"uv": [6, 2, 7, 13], "texture": "#stand"},
				"up": {"uv": [7, 2, 6, 3], "rotation": 270, "texture": "#stand"},
				"down": {"uv": [6, 12, 7, 13], "rotation": 90, "texture": "#stand"}
			}
		},
		{
			"name": "empty",
			"from": [6.64574, 12, 4.94005],
			"to": [7.64574, 15, 5.94005],
			"rotation": {"angle": 45, "axis": "y", "origin": [7.64574, 0, 6.94005]},
			"faces": {
				"north": {"uv": [4, 1, 5, 4], "texture": "#stand"},
				"east": {"uv": [4, 1, 5, 4], "texture": "#stand"},
				"south": {"uv": [4, 1, 5, 4], "texture": "#stand"},
				"west": {"uv": [4, 1, 5, 4], "texture": "#stand"},
				"up": {"uv": [4, 1, 5, 2], "rotation": 270, "texture": "#stand"},
				"down": {"uv": [4, 3, 5, 4], "rotation": 90, "texture": "#stand"}
			}
		},
		{
			"name": "empty",
			"from": [6.64574, 6, 3.94005],
			"to": [7.64574, 16, 4.94005],
			"rotation": {"angle": 45, "axis": "y", "origin": [7.64574, 0, 6.94005]},
			"faces": {
				"north": {"uv": [12, 0, 13, 10], "texture": "#stand"},
				"east": {"uv": [12, 0, 13, 10], "texture": "#stand"},
				"south": {"uv": [12, 0, 13, 10], "texture": "#stand"},
				"west": {"uv": [12, 0, 13, 10], "texture": "#stand"},
				"up": {"uv": [12, 0, 13, 1], "rotation": 270, "texture": "#stand"},
				"down": {"uv": [12, 9, 13, 10], "rotation": 90, "texture": "#stand"}
			}
		},
		{
			"name": "empty",
			"from": [6.64574, 11, 2.94005],
			"to": [7.64574, 13, 3.94005],
			"rotation": {"angle": 45, "axis": "y", "origin": [7.64574, 0, 6.94005]},
			"faces": {
				"north": {"uv": [2, 3, 3, 5], "texture": "#stand"},
				"east": {"uv": [13, 3, 14, 5], "texture": "#stand"},
				"south": {"uv": [13, 3, 14, 5], "texture": "#stand"},
				"west": {"uv": [13, 3, 14, 5], "texture": "#stand"},
				"up": {"uv": [13, 3, 14, 4], "rotation": 270, "texture": "#stand"},
				"down": {"uv": [13, 4, 14, 5], "rotation": 90, "texture": "#stand"}
			}
		}
	],
	"display": {
		"thirdperson_righthand": {
			"rotation": [75, 45, 0],
			"translation": [0, 1.5, 2.75],
			"scale": [0.5, 0.5, 0.5]
		},
		"thirdperson_lefthand": {
			"rotation": [75, 45, 0],
			"translation": [0, 1.5, 2.75],
			"scale": [0.5, 0.5, 0.5]
		},
		"firstperson_righthand": {
			"rotation": [0, -45, 0],
			"translation": [0, 4, 0],
			"scale": [0.5, 0.5, 0.5]
		},
		"firstperson_lefthand": {
			"rotation": [0, -45, 0],
			"translation": [0, 4, 0],
			"scale": [0.5, 0.5, 0.5]
		},
		"ground": {
			"translation": [0, 2, 0],
			"scale": [0.5, 0.5, 0.5]
		},
		"gui": {
			"rotation": [30, -45, 0],
			"translation": [0, 3.25, 0]
		},
		"head": {
			"translation": [0, 14.4, 0]
		},
		"fixed": {
			"rotation": [-90, 0, 0],
			"translation": [0, 0, -8]
		}
	}
}