{
	"credit": "Made with Blockbench",
	"textures": {
		"1": "block/cyan_terracotta",
		"2": "block/polished_diorite",
		"3": "custom/nether_star",
		"4": "block/red_sandstone_top"
	},
	"elements": [
		{
			"from": [5.04, 13.18, 5.04],
			"to": [6.52, 13.92, 6.52],
			"rotation": {"angle": 45, "axis": "x", "origin": [8, 13.92, 8]},
			"faces": {
				"north": {"uv": [0, 0, 2, 1], "rotation": 180, "texture": "#2"},
				"east": {"uv": [2, 2, 3, 4], "rotation": 180, "texture": "#2"},
				"south": {"uv": [0, 0, 2, 1], "rotation": 180, "texture": "#2"},
				"west": {"uv": [0, 0, 2, 1], "rotation": 180, "texture": "#2"},
				"up": {"uv": [0, 0, 2, 2], "rotation": 90, "texture": "#2"},
				"down": {"uv": [0, 0, 2, 2], "rotation": 270, "texture": "#2"}
			}
		},
		{
			"from": [8.74, 13.18, 5.78],
			"to": [9.48, 14.66, 9.48],
			"rotation": {"angle": 0, "axis": "y", "origin": [8, 13.92, 8]},
			"faces": {
				"north": {"uv": [0, 0, 4, 2], "texture": "#1"},
				"east": {"uv": [3, 13, 7, 15], "texture": "#1"},
				"south": {"uv": [0, 0, 4, 2], "texture": "#1"},
				"west": {"uv": [0, 0, 5, 2], "texture": "#1"},
				"up": {"uv": [0, 0, 5, 4], "rotation": 270, "texture": "#1"},
				"down": {"uv": [0, 0, 5, 4], "rotation": 90, "texture": "#1"}
			}
		},
		{
			"from": [6.52, 13.18, 5.78],
			"to": [7.26, 14.66, 9.48],
			"rotation": {"angle": 0, "axis": "y", "origin": [8, 13.92, 8]},
			"faces": {
				"north": {"uv": [0, 0, 4, 2], "texture": "#1"},
				"east": {"uv": [3, 13, 7, 15], "texture": "#1"},
				"south": {"uv": [0, 0, 4, 2], "texture": "#1"},
				"west": {"uv": [0, 0, 5, 2], "texture": "#1"},
				"up": {"uv": [0, 0, 5, 4], "rotation": 270, "texture": "#1"},
				"down": {"uv": [0, 0, 5, 4], "rotation": 90, "texture": "#1"}
			}
		},
		{
			"from": [5.78, 13.18, 5.78],
			"to": [10.22, 14.66, 8.74],
			"rotation": {"angle": 0, "axis": "y", "origin": [8, 13.92, 8]},
			"faces": {
				"north": {"uv": [0, 0, 6, 2], "texture": "#1"},
				"east": {"uv": [3, 13, 7, 15], "texture": "#1"},
				"south": {"uv": [0, 0, 6, 2], "texture": "#1"},
				"west": {"uv": [0, 0, 4, 2], "texture": "#1"},
				"up": {"uv": [0, 0, 4, 6], "rotation": 270, "texture": "#1"},
				"down": {"uv": [0, 0, 4, 6], "rotation": 90, "texture": "#1"}
			}
		},
		{
			"from": [7.26, 14.66, 5.78],
			"to": [8.74, 15.4, 9.48],
			"rotation": {"angle": 0, "axis": "y", "origin": [8, 13.92, 8]},
			"faces": {
				"north": {"uv": [0, 0, 2, 4], "texture": "#1"},
				"east": {"uv": [3, 13, 7, 15], "texture": "#1"},
				"south": {"uv": [0, 0, 2, 4], "texture": "#1"},
				"west": {"uv": [0, 0, 5, 4], "texture": "#1"},
				"up": {"uv": [0, 0, 5, 2], "rotation": 270, "texture": "#1"},
				"down": {"uv": [0, 0, 5, 2], "rotation": 90, "texture": "#1"}
			}
		},
		{
			"from": [7.26, 12.44, 5.78],
			"to": [8.74, 13.18, 9.48],
			"rotation": {"angle": 0, "axis": "y", "origin": [8, 13.92, 8]},
			"faces": {
				"north": {"uv": [0, 0, 2, 6], "texture": "#1"},
				"east": {"uv": [3, 13, 7, 15], "texture": "#1"},
				"south": {"uv": [0, 0, 2, 6], "texture": "#1"},
				"west": {"uv": [0, 0, 4, 6], "texture": "#1"},
				"up": {"uv": [0, 0, 4, 2], "rotation": 270, "texture": "#1"},
				"down": {"uv": [0, 0, 4, 2], "rotation": 90, "texture": "#1"}
			}
		},
		{
			"from": [6.52, 12.44, 6.52],
			"to": [9.48, 15.4, 8.74],
			"rotation": {"angle": 0, "axis": "y", "origin": [8, 13.92, 8]},
			"faces": {
				"north": {"uv": [0, 0, 4, 4], "texture": "#1"},
				"east": {"uv": [3, 13, 7, 15], "texture": "#1"},
				"south": {"uv": [0, 0, 4, 4], "texture": "#1"},
				"west": {"uv": [0, 0, 3, 4], "texture": "#1"},
				"up": {"uv": [0, 0, 3, 4], "rotation": 270, "texture": "#1"},
				"down": {"uv": [0, 0, 3, 4], "rotation": 90, "texture": "#1"}
			}
		},
		{
			"from": [7.26, 13.18, 9.48],
			"to": [8.74, 14.66, 9.48],
			"rotation": {"angle": 0, "axis": "y", "origin": [8, 13.92, 8]},
			"faces": {
				"north": {"uv": [0, 0, 2, 2], "texture": "#3"},
				"east": {"uv": [0, 0, 2, 2], "texture": "#3"},
				"south": {"uv": [6.741, 6.696, 9.093, 9.05], "texture": "#3"},
				"west": {"uv": [0, 0, 2, 2], "texture": "#3"},
				"up": {"uv": [0, 0, 2, 2], "rotation": 270, "texture": "#3"},
				"down": {"uv": [0, 0, 2, 2], "rotation": 90, "texture": "#3"}
			}
		},
		{
			"from": [6.52, 15.4, 9.48],
			"to": [7.26, 18.36, 10.22],
			"rotation": {"angle": 45, "axis": "y", "origin": [8, 13.92, 8]},
			"faces": {
				"north": {"uv": [0, 0, 1, 4], "texture": "#2"},
				"east": {"uv": [2, 2, 3, 4], "texture": "#2"},
				"south": {"uv": [0, 0, 1, 4], "texture": "#2"},
				"west": {"uv": [0, 0, 1, 4], "texture": "#2"},
				"up": {"uv": [0, 0, 1, 1], "rotation": 270, "texture": "#2"},
				"down": {"uv": [0, 0, 1, 1], "rotation": 90, "texture": "#2"}
			}
		},
		{
			"from": [9.48, 15.4, 5.04],
			"to": [10.22, 18.36, 5.78],
			"rotation": {"angle": 45, "axis": "y", "origin": [8, 13.92, 8]},
			"faces": {
				"north": {"uv": [0, 0, 1, 4], "texture": "#2"},
				"east": {"uv": [2, 2, 3, 4], "texture": "#2"},
				"south": {"uv": [0, 0, 1, 4], "texture": "#2"},
				"west": {"uv": [0, 0, 1, 4], "texture": "#2"},
				"up": {"uv": [0, 0, 1, 1], "rotation": 90, "texture": "#2"},
				"down": {"uv": [0, 0, 1, 1], "rotation": 270, "texture": "#2"}
			}
		},
		{
			"from": [6.52, 9.48, 9.48],
			"to": [7.26, 12.44, 10.22],
			"rotation": {"angle": 45, "axis": "y", "origin": [8, 13.92, 8]},
			"faces": {
				"north": {"uv": [0, 0, 1, 4], "texture": "#2"},
				"east": {"uv": [2, 2, 3, 4], "texture": "#2"},
				"south": {"uv": [0, 0, 1, 4], "texture": "#2"},
				"west": {"uv": [0, 0, 1, 4], "texture": "#2"},
				"up": {"uv": [0, 0, 1, 1], "rotation": 270, "texture": "#2"},
				"down": {"uv": [0, 0, 1, 1], "rotation": 90, "texture": "#2"}
			}
		},
		{
			"from": [9.48, 9.48, 5.04],
			"to": [10.22, 12.44, 5.78],
			"rotation": {"angle": 45, "axis": "y", "origin": [8, 13.92, 8]},
			"faces": {
				"north": {"uv": [0, 0, 1, 4], "texture": "#2"},
				"east": {"uv": [2, 2, 3, 4], "texture": "#2"},
				"south": {"uv": [0, 0, 1, 4], "texture": "#2"},
				"west": {"uv": [7, 4, 8, 8], "texture": "#2"},
				"up": {"uv": [0, 0, 1, 1], "rotation": 90, "texture": "#2"},
				"down": {"uv": [0, 0, 1, 1], "rotation": 270, "texture": "#2"}
			}
		},
		{
			"from": [7.26, 15.4, 9.48],
			"to": [8, 17.62, 10.22],
			"rotation": {"angle": 45, "axis": "y", "origin": [8, 13.92, 8]},
			"faces": {
				"north": {"uv": [0, 0, 1, 3], "texture": "#2"},
				"east": {"uv": [2, 2, 3, 4], "texture": "#2"},
				"south": {"uv": [0, 0, 1, 3], "texture": "#2"},
				"west": {"uv": [0, 0, 1, 3], "texture": "#2"},
				"up": {"uv": [0, 0, 1, 1], "rotation": 270, "texture": "#2"},
				"down": {"uv": [0, 0, 1, 1], "rotation": 90, "texture": "#2"}
			}
		},
		{
			"from": [5.78, 16.14, 9.48],
			"to": [6.52, 17.62, 10.22],
			"rotation": {"angle": 45, "axis": "y", "origin": [8, 13.92, 8]},
			"faces": {
				"north": {"uv": [0, 0, 1, 3], "texture": "#2"},
				"east": {"uv": [2, 2, 3, 4], "texture": "#2"},
				"south": {"uv": [0, 0, 1, 3], "texture": "#2"},
				"west": {"uv": [0, 0, 1, 3], "texture": "#2"},
				"up": {"uv": [0, 0, 1, 1], "rotation": 270, "texture": "#2"},
				"down": {"uv": [0, 0, 1, 1], "rotation": 90, "texture": "#2"}
			}
		},
		{
			"from": [8.74, 15.4, 5.04],
			"to": [9.48, 17.62, 5.78],
			"rotation": {"angle": 45, "axis": "y", "origin": [8, 13.92, 8]},
			"faces": {
				"north": {"uv": [0, 0, 1, 3], "texture": "#2"},
				"east": {"uv": [2, 2, 3, 4], "texture": "#2"},
				"south": {"uv": [0, 0, 1, 3], "texture": "#2"},
				"west": {"uv": [0, 0, 1, 3], "texture": "#2"},
				"up": {"uv": [0, 0, 1, 1], "rotation": 90, "texture": "#2"},
				"down": {"uv": [0, 0, 1, 1], "rotation": 270, "texture": "#2"}
			}
		},
		{
			"from": [10.22, 16.14, 5.04],
			"to": [10.96, 17.62, 5.78],
			"rotation": {"angle": 45, "axis": "y", "origin": [8, 13.92, 8]},
			"faces": {
				"north": {"uv": [0, 0, 1, 3], "texture": "#2"},
				"east": {"uv": [2, 2, 3, 4], "texture": "#2"},
				"south": {"uv": [0, 0, 1, 3], "texture": "#2"},
				"west": {"uv": [0, 0, 1, 3], "texture": "#2"},
				"up": {"uv": [0, 0, 1, 1], "rotation": 90, "texture": "#2"},
				"down": {"uv": [0, 0, 1, 1], "rotation": 270, "texture": "#2"}
			}
		},
		{
			"from": [5.78, 15.4, 8],
			"to": [6.52, 17.62, 8.74],
			"rotation": {"angle": 45, "axis": "y", "origin": [8, 13.92, 8]},
			"faces": {
				"north": {"uv": [0, 0, 1, 3], "texture": "#2"},
				"east": {"uv": [2, 2, 3, 4], "texture": "#2"},
				"south": {"uv": [0, 0, 1, 3], "texture": "#2"},
				"west": {"uv": [0, 0, 1, 3], "texture": "#2"},
				"up": {"uv": [0, 0, 1, 1], "rotation": 270, "texture": "#2"},
				"down": {"uv": [0, 0, 1, 1], "rotation": 90, "texture": "#2"}
			}
		},
		{
			"from": [10.22, 15.4, 6.52],
			"to": [10.96, 17.62, 7.26],
			"rotation": {"angle": 45, "axis": "y", "origin": [8, 13.92, 8]},
			"faces": {
				"north": {"uv": [0, 0, 1, 3], "texture": "#2"},
				"east": {"uv": [2, 2, 3, 4], "texture": "#2"},
				"south": {"uv": [0, 0, 1, 3], "texture": "#2"},
				"west": {"uv": [0, 0, 1, 3], "texture": "#2"},
				"up": {"uv": [0, 0, 1, 1], "rotation": 90, "texture": "#2"},
				"down": {"uv": [0, 0, 1, 1], "rotation": 270, "texture": "#2"}
			}
		},
		{
			"from": [6.52, 15.4, 8.74],
			"to": [7.26, 18.36, 9.48],
			"rotation": {"angle": 45, "axis": "y", "origin": [8, 13.92, 8]},
			"faces": {
				"north": {"uv": [0, 0, 1, 4], "texture": "#2"},
				"east": {"uv": [2, 2, 3, 4], "texture": "#2"},
				"south": {"uv": [0, 0, 1, 4], "texture": "#2"},
				"west": {"uv": [0, 0, 1, 4], "texture": "#2"},
				"up": {"uv": [0, 0, 1, 1], "rotation": 270, "texture": "#2"},
				"down": {"uv": [0, 0, 1, 1], "rotation": 90, "texture": "#2"}
			}
		},
		{
			"from": [9.48, 15.4, 5.78],
			"to": [10.22, 18.36, 6.52],
			"rotation": {"angle": 45, "axis": "y", "origin": [8, 13.92, 8]},
			"faces": {
				"north": {"uv": [0, 0, 1, 4], "texture": "#2"},
				"east": {"uv": [2, 2, 3, 4], "texture": "#2"},
				"south": {"uv": [0, 0, 1, 4], "texture": "#2"},
				"west": {"uv": [0, 0, 1, 4], "texture": "#2"},
				"up": {"uv": [0, 0, 1, 1], "rotation": 90, "texture": "#2"},
				"down": {"uv": [0, 0, 1, 1], "rotation": 270, "texture": "#2"}
			}
		},
		{
			"from": [6.52, 9.48, 8.74],
			"to": [7.26, 12.44, 9.48],
			"rotation": {"angle": 45, "axis": "y", "origin": [8, 13.92, 8]},
			"faces": {
				"north": {"uv": [0, 0, 1, 4], "texture": "#2"},
				"east": {"uv": [2, 2, 3, 4], "texture": "#2"},
				"south": {"uv": [0, 0, 1, 4], "texture": "#2"},
				"west": {"uv": [0, 0, 1, 4], "texture": "#2"},
				"up": {"uv": [0, 0, 1, 1], "rotation": 270, "texture": "#2"},
				"down": {"uv": [0, 0, 1, 1], "rotation": 90, "texture": "#2"}
			}
		},
		{
			"from": [9.48, 9.48, 5.78],
			"to": [10.22, 12.44, 6.52],
			"rotation": {"angle": 45, "axis": "y", "origin": [8, 13.92, 8]},
			"faces": {
				"north": {"uv": [0, 0, 1, 4], "texture": "#2"},
				"east": {"uv": [2, 2, 3, 4], "texture": "#2"},
				"south": {"uv": [0, 0, 1, 4], "texture": "#2"},
				"west": {"uv": [7, 4, 8, 8], "texture": "#2"},
				"up": {"uv": [0, 0, 1, 1], "rotation": 90, "texture": "#2"},
				"down": {"uv": [0, 0, 1, 1], "rotation": 270, "texture": "#2"}
			}
		},
		{
			"from": [5.78, 10.22, 8],
			"to": [6.52, 12.44, 8.74],
			"rotation": {"angle": 45, "axis": "y", "origin": [8, 13.92, 8]},
			"faces": {
				"north": {"uv": [0, 0, 1, 3], "texture": "#2"},
				"east": {"uv": [2, 2, 3, 4], "texture": "#2"},
				"south": {"uv": [0, 0, 1, 3], "texture": "#2"},
				"west": {"uv": [0, 0, 1, 3], "texture": "#2"},
				"up": {"uv": [0, 0, 1, 1], "rotation": 270, "texture": "#2"},
				"down": {"uv": [0, 0, 1, 1], "rotation": 90, "texture": "#2"}
			}
		},
		{
			"from": [10.22, 10.22, 6.52],
			"to": [10.96, 12.44, 7.26],
			"rotation": {"angle": 45, "axis": "y", "origin": [8, 13.92, 8]},
			"faces": {
				"north": {"uv": [0, 0, 1, 3], "texture": "#2"},
				"east": {"uv": [2, 2, 3, 4], "texture": "#2"},
				"south": {"uv": [0, 0, 1, 3], "texture": "#2"},
				"west": {"uv": [7, 4, 8, 8], "texture": "#2"},
				"up": {"uv": [0, 0, 1, 1], "rotation": 90, "texture": "#2"},
				"down": {"uv": [0, 0, 1, 1], "rotation": 270, "texture": "#2"}
			}
		},
		{
			"from": [7.26, 10.22, 9.48],
			"to": [8, 12.44, 10.22],
			"rotation": {"angle": 45, "axis": "y", "origin": [8, 13.92, 8]},
			"faces": {
				"north": {"uv": [0, 0, 1, 3], "texture": "#2"},
				"east": {"uv": [2, 2, 3, 4], "texture": "#2"},
				"south": {"uv": [0, 0, 1, 3], "texture": "#2"},
				"west": {"uv": [0, 0, 1, 3], "texture": "#2"},
				"up": {"uv": [0, 0, 1, 1], "rotation": 270, "texture": "#2"},
				"down": {"uv": [0, 0, 1, 1], "rotation": 90, "texture": "#2"}
			}
		},
		{
			"from": [8.74, 10.22, 5.04],
			"to": [9.48, 12.44, 5.78],
			"rotation": {"angle": 45, "axis": "y", "origin": [8, 13.92, 8]},
			"faces": {
				"north": {"uv": [0, 0, 1, 3], "texture": "#2"},
				"east": {"uv": [2, 2, 3, 4], "texture": "#2"},
				"south": {"uv": [0, 0, 1, 3], "texture": "#2"},
				"west": {"uv": [7, 4, 8, 8], "texture": "#2"},
				"up": {"uv": [0, 0, 1, 1], "rotation": 90, "texture": "#2"},
				"down": {"uv": [0, 0, 1, 1], "rotation": 270, "texture": "#2"}
			}
		},
		{
			"from": [5.78, 9.48, 9.48],
			"to": [6.52, 10.22, 10.22],
			"rotation": {"angle": 45, "axis": "y", "origin": [8, 13.92, 8]},
			"faces": {
				"north": {"uv": [0, 0, 1, 3], "texture": "#4"},
				"east": {"uv": [7, 4, 8, 8], "texture": "#4"},
				"south": {"uv": [5, 9, 7, 11], "texture": "#4"},
				"west": {"uv": [6, 5, 8, 7], "texture": "#4"},
				"up": {"uv": [0, 0, 1, 1], "rotation": 270, "texture": "#4"},
				"down": {"uv": [0, 0, 1, 1], "rotation": 90, "texture": "#4"}
			}
		},
		{
			"from": [10.22, 9.48, 5.04],
			"to": [10.96, 10.22, 5.78],
			"rotation": {"angle": 45, "axis": "y", "origin": [8, 13.92, 8]},
			"faces": {
				"north": {"uv": [5, 9, 7, 11], "texture": "#4"},
				"east": {"uv": [6, 5, 8, 7], "texture": "#4"},
				"south": {"uv": [0, 0, 1, 3], "texture": "#4"},
				"west": {"uv": [7, 4, 8, 8], "texture": "#4"},
				"up": {"uv": [0, 0, 1, 1], "rotation": 90, "texture": "#4"},
				"down": {"uv": [0, 0, 1, 1], "rotation": 270, "texture": "#4"}
			}
		},
		{
			"from": [10.22, 17.62, 5.04],
			"to": [10.96, 18.36, 5.78],
			"rotation": {"angle": 45, "axis": "y", "origin": [8, 13.92, 8]},
			"faces": {
				"north": {"uv": [5, 9, 7, 11], "texture": "#4"},
				"east": {"uv": [6, 5, 8, 7], "texture": "#4"},
				"south": {"uv": [0, 0, 1, 3], "texture": "#4"},
				"west": {"uv": [7, 4, 8, 8], "texture": "#4"},
				"up": {"uv": [0, 0, 1, 1], "rotation": 90, "texture": "#4"},
				"down": {"uv": [0, 0, 1, 1], "rotation": 270, "texture": "#4"}
			}
		},
		{
			"from": [5.78, 17.62, 9.48],
			"to": [6.52, 18.36, 10.22],
			"rotation": {"angle": 45, "axis": "y", "origin": [8, 13.92, 8]},
			"faces": {
				"north": {"uv": [0, 0, 1, 3], "texture": "#4"},
				"east": {"uv": [7, 4, 8, 8], "texture": "#4"},
				"south": {"uv": [5, 9, 7, 11], "texture": "#4"},
				"west": {"uv": [6, 5, 8, 7], "texture": "#4"},
				"up": {"uv": [0, 0, 1, 1], "rotation": 270, "texture": "#4"},
				"down": {"uv": [0, 0, 1, 1], "rotation": 90, "texture": "#4"}
			}
		},
		{
			"from": [5.78, 10.22, 9.48],
			"to": [6.52, 11.7, 10.22],
			"rotation": {"angle": 45, "axis": "y", "origin": [8, 13.92, 8]},
			"faces": {
				"north": {"uv": [0, 0, 1, 3], "texture": "#2"},
				"east": {"uv": [2, 2, 3, 4], "texture": "#2"},
				"south": {"uv": [0, 0, 1, 3], "texture": "#2"},
				"west": {"uv": [0, 0, 1, 3], "texture": "#2"},
				"up": {"uv": [0, 0, 1, 1], "rotation": 270, "texture": "#2"},
				"down": {"uv": [0, 0, 1, 1], "rotation": 90, "texture": "#2"}
			}
		},
		{
			"from": [10.22, 10.22, 5.04],
			"to": [10.96, 11.7, 5.78],
			"rotation": {"angle": 45, "axis": "y", "origin": [8, 13.92, 8]},
			"faces": {
				"north": {"uv": [0, 0, 1, 3], "texture": "#2"},
				"east": {"uv": [2, 2, 3, 4], "texture": "#2"},
				"south": {"uv": [0, 0, 1, 3], "texture": "#2"},
				"west": {"uv": [7, 4, 8, 8], "texture": "#2"},
				"up": {"uv": [0, 0, 1, 1], "rotation": 90, "texture": "#2"},
				"down": {"uv": [0, 0, 1, 1], "rotation": 270, "texture": "#2"}
			}
		},
		{
			"from": [8, 15.4, 8.74],
			"to": [8.74, 16.88, 10.22],
			"rotation": {"angle": 45, "axis": "y", "origin": [8, 13.92, 8]},
			"faces": {
				"north": {"uv": [0, 0, 1, 2], "texture": "#2"},
				"east": {"uv": [2, 2, 3, 4], "texture": "#2"},
				"south": {"uv": [0, 0, 1, 2], "texture": "#2"},
				"west": {"uv": [0, 0, 2, 2], "texture": "#2"},
				"up": {"uv": [0, 0, 2, 1], "rotation": 270, "texture": "#2"},
				"down": {"uv": [0, 0, 2, 1], "rotation": 90, "texture": "#2"}
			}
		},
		{
			"from": [8, 15.4, 5.04],
			"to": [8.74, 16.88, 6.52],
			"rotation": {"angle": 45, "axis": "y", "origin": [8, 13.92, 8]},
			"faces": {
				"north": {"uv": [0, 0, 1, 2], "texture": "#2"},
				"east": {"uv": [2, 2, 3, 4], "texture": "#2"},
				"south": {"uv": [0, 0, 1, 2], "texture": "#2"},
				"west": {"uv": [0, 0, 2, 2], "texture": "#2"},
				"up": {"uv": [0, 0, 2, 1], "rotation": 90, "texture": "#2"},
				"down": {"uv": [0, 0, 2, 1], "rotation": 270, "texture": "#2"}
			}
		},
		{
			"from": [5.78, 15.4, 7.26],
			"to": [7.26, 16.88, 8],
			"rotation": {"angle": 45, "axis": "y", "origin": [8, 13.92, 8]},
			"faces": {
				"north": {"uv": [0, 0, 2, 2], "texture": "#2"},
				"east": {"uv": [2, 2, 3, 4], "texture": "#2"},
				"south": {"uv": [0, 0, 2, 2], "texture": "#2"},
				"west": {"uv": [0, 0, 1, 2], "texture": "#2"},
				"up": {"uv": [0, 0, 1, 2], "rotation": 270, "texture": "#2"},
				"down": {"uv": [0, 0, 1, 2], "rotation": 90, "texture": "#2"}
			}
		},
		{
			"from": [7.26, 15.4, 5.04],
			"to": [8, 16.14, 6.52],
			"rotation": {"angle": 45, "axis": "y", "origin": [8, 13.92, 8]},
			"faces": {
				"north": {"uv": [0, 0, 1, 1], "texture": "#2"},
				"east": {"uv": [2, 2, 3, 4], "texture": "#2"},
				"south": {"uv": [0, 0, 1, 1], "texture": "#2"},
				"west": {"uv": [0, 0, 2, 1], "texture": "#2"},
				"up": {"uv": [0, 0, 2, 1], "rotation": 270, "texture": "#2"},
				"down": {"uv": [0, 0, 2, 1], "rotation": 90, "texture": "#2"}
			}
		},
		{
			"from": [5.78, 15.4, 6.52],
			"to": [7.26, 16.14, 7.26],
			"rotation": {"angle": 45, "axis": "y", "origin": [8, 13.92, 8]},
			"faces": {
				"north": {"uv": [0, 0, 2, 1], "texture": "#2"},
				"east": {"uv": [2, 2, 3, 4], "texture": "#2"},
				"south": {"uv": [0, 0, 2, 1], "texture": "#2"},
				"west": {"uv": [0, 0, 1, 1], "texture": "#2"},
				"up": {"uv": [0, 0, 1, 2], "rotation": 270, "texture": "#2"},
				"down": {"uv": [0, 0, 1, 2], "rotation": 90, "texture": "#2"}
			}
		},
		{
			"from": [5.78, 11.7, 6.52],
			"to": [7.26, 12.44, 7.26],
			"rotation": {"angle": 45, "axis": "y", "origin": [8, 13.92, 8]},
			"faces": {
				"north": {"uv": [0, 0, 2, 1], "texture": "#2"},
				"east": {"uv": [2, 2, 3, 4], "texture": "#2"},
				"south": {"uv": [0, 0, 2, 1], "texture": "#2"},
				"west": {"uv": [0, 0, 1, 1], "texture": "#2"},
				"up": {"uv": [0, 0, 1, 2], "rotation": 270, "texture": "#2"},
				"down": {"uv": [0, 0, 1, 2], "rotation": 90, "texture": "#2"}
			}
		},
		{
			"from": [9.48, 11.7, 8],
			"to": [10.96, 12.44, 8.74],
			"rotation": {"angle": 45, "axis": "y", "origin": [8, 13.92, 8]},
			"faces": {
				"north": {"uv": [0, 0, 2, 1], "texture": "#2"},
				"east": {"uv": [2, 2, 3, 4], "texture": "#2"},
				"south": {"uv": [0, 0, 2, 1], "texture": "#2"},
				"west": {"uv": [7, 4, 8, 8], "texture": "#2"},
				"up": {"uv": [0, 0, 1, 2], "rotation": 90, "texture": "#2"},
				"down": {"uv": [0, 0, 1, 2], "rotation": 270, "texture": "#2"}
			}
		},
		{
			"from": [9.48, 15.4, 8],
			"to": [10.96, 16.14, 8.74],
			"rotation": {"angle": 45, "axis": "y", "origin": [8, 13.92, 8]},
			"faces": {
				"north": {"uv": [0, 0, 2, 1], "texture": "#2"},
				"east": {"uv": [2, 2, 3, 4], "texture": "#2"},
				"south": {"uv": [0, 0, 2, 1], "texture": "#2"},
				"west": {"uv": [0, 0, 1, 1], "texture": "#2"},
				"up": {"uv": [0, 0, 1, 2], "rotation": 270, "texture": "#2"},
				"down": {"uv": [0, 0, 1, 2], "rotation": 90, "texture": "#2"}
			}
		},
		{
			"from": [8.74, 15.4, 8.74],
			"to": [9.48, 16.14, 10.22],
			"rotation": {"angle": 45, "axis": "y", "origin": [8, 13.92, 8]},
			"faces": {
				"north": {"uv": [0, 0, 1, 1], "texture": "#2"},
				"east": {"uv": [2, 2, 3, 4], "texture": "#2"},
				"south": {"uv": [0, 0, 1, 1], "texture": "#2"},
				"west": {"uv": [0, 0, 2, 1], "texture": "#2"},
				"up": {"uv": [0, 0, 2, 1], "rotation": 270, "texture": "#2"},
				"down": {"uv": [0, 0, 2, 1], "rotation": 90, "texture": "#2"}
			}
		},
		{
			"from": [8.74, 11.7, 8.74],
			"to": [9.48, 12.44, 10.22],
			"rotation": {"angle": 45, "axis": "y", "origin": [8, 13.92, 8]},
			"faces": {
				"north": {"uv": [0, 0, 1, 1], "texture": "#2"},
				"east": {"uv": [2, 2, 3, 4], "texture": "#2"},
				"south": {"uv": [0, 0, 1, 1], "texture": "#2"},
				"west": {"uv": [0, 0, 2, 1], "texture": "#2"},
				"up": {"uv": [0, 0, 2, 1], "rotation": 270, "texture": "#2"},
				"down": {"uv": [0, 0, 2, 1], "rotation": 90, "texture": "#2"}
			}
		},
		{
			"from": [7.26, 11.7, 5.04],
			"to": [8, 12.44, 6.52],
			"rotation": {"angle": 45, "axis": "y", "origin": [8, 13.92, 8]},
			"faces": {
				"north": {"uv": [0, 0, 1, 1], "texture": "#2"},
				"east": {"uv": [2, 2, 3, 4], "texture": "#2"},
				"south": {"uv": [0, 0, 1, 1], "texture": "#2"},
				"west": {"uv": [7, 4, 8, 8], "texture": "#2"},
				"up": {"uv": [0, 0, 2, 1], "rotation": 90, "texture": "#2"},
				"down": {"uv": [0, 0, 2, 1], "rotation": 270, "texture": "#2"}
			}
		},
		{
			"from": [9.48, 15.4, 7.26],
			"to": [10.96, 16.88, 8],
			"rotation": {"angle": 45, "axis": "y", "origin": [8, 13.92, 8]},
			"faces": {
				"north": {"uv": [0, 0, 2, 2], "texture": "#2"},
				"east": {"uv": [2, 2, 3, 4], "texture": "#2"},
				"south": {"uv": [0, 0, 2, 2], "texture": "#2"},
				"west": {"uv": [0, 0, 1, 2], "texture": "#2"},
				"up": {"uv": [0, 0, 1, 2], "rotation": 90, "texture": "#2"},
				"down": {"uv": [0, 0, 1, 2], "rotation": 270, "texture": "#2"}
			}
		},
		{
			"from": [7.26, 15.4, 6.52],
			"to": [9.48, 16.88, 8.74],
			"rotation": {"angle": 45, "axis": "y", "origin": [8, 13.92, 8]},
			"faces": {
				"north": {"uv": [0, 0, 3, 2], "texture": "#2"},
				"east": {"uv": [2, 2, 3, 4], "texture": "#2"},
				"south": {"uv": [0, 0, 3, 2], "texture": "#2"},
				"west": {"uv": [0, 0, 3, 2], "texture": "#2"},
				"up": {"uv": [0, 0, 3, 3], "rotation": 90, "texture": "#2"},
				"down": {"uv": [0, 0, 3, 3], "rotation": 270, "texture": "#2"}
			}
		},
		{
			"from": [7.26, 10.96, 6.52],
			"to": [9.48, 12.44, 8.74],
			"rotation": {"angle": 45, "axis": "y", "origin": [8, 13.92, 8]},
			"faces": {
				"north": {"uv": [0, 0, 3, 2], "texture": "#2"},
				"east": {"uv": [2, 2, 3, 4], "texture": "#2"},
				"south": {"uv": [0, 0, 3, 2], "texture": "#2"},
				"west": {"uv": [0, 0, 3, 2], "texture": "#2"},
				"up": {"uv": [0, 0, 3, 3], "rotation": 90, "texture": "#2"},
				"down": {"uv": [0, 0, 3, 3], "rotation": 270, "texture": "#2"}
			}
		},
		{
			"from": [6.52, 15.4, 8],
			"to": [7.26, 17.62, 8.74],
			"rotation": {"angle": 45, "axis": "y", "origin": [8, 13.92, 8]},
			"faces": {
				"north": {"uv": [0, 0, 1, 3], "texture": "#2"},
				"east": {"uv": [2, 2, 3, 4], "texture": "#2"},
				"south": {"uv": [0, 0, 1, 3], "texture": "#2"},
				"west": {"uv": [0, 0, 1, 3], "texture": "#2"},
				"up": {"uv": [0, 0, 1, 1], "rotation": 270, "texture": "#2"},
				"down": {"uv": [0, 0, 1, 1], "rotation": 90, "texture": "#2"}
			}
		},
		{
			"from": [9.48, 15.4, 6.52],
			"to": [10.22, 17.62, 7.26],
			"rotation": {"angle": 45, "axis": "y", "origin": [8, 13.92, 8]},
			"faces": {
				"north": {"uv": [0, 0, 1, 3], "texture": "#2"},
				"east": {"uv": [2, 2, 3, 4], "texture": "#2"},
				"south": {"uv": [0, 0, 1, 3], "texture": "#2"},
				"west": {"uv": [0, 0, 1, 3], "texture": "#2"},
				"up": {"uv": [0, 0, 1, 1], "rotation": 90, "texture": "#2"},
				"down": {"uv": [0, 0, 1, 1], "rotation": 270, "texture": "#2"}
			}
		},
		{
			"from": [6.52, 10.22, 8],
			"to": [7.26, 12.44, 8.74],
			"rotation": {"angle": 45, "axis": "y", "origin": [8, 13.92, 8]},
			"faces": {
				"north": {"uv": [0, 0, 1, 3], "texture": "#2"},
				"east": {"uv": [2, 2, 3, 4], "texture": "#2"},
				"south": {"uv": [0, 0, 1, 3], "texture": "#2"},
				"west": {"uv": [0, 0, 1, 3], "texture": "#2"},
				"up": {"uv": [0, 0, 1, 1], "rotation": 270, "texture": "#2"},
				"down": {"uv": [0, 0, 1, 1], "rotation": 90, "texture": "#2"}
			}
		},
		{
			"from": [9.48, 10.22, 6.52],
			"to": [10.22, 12.44, 7.26],
			"rotation": {"angle": 45, "axis": "y", "origin": [8, 13.92, 8]},
			"faces": {
				"north": {"uv": [0, 0, 1, 3], "texture": "#2"},
				"east": {"uv": [2, 2, 3, 4], "texture": "#2"},
				"south": {"uv": [0, 0, 1, 3], "texture": "#2"},
				"west": {"uv": [7, 4, 8, 8], "texture": "#2"},
				"up": {"uv": [0, 0, 1, 1], "rotation": 90, "texture": "#2"},
				"down": {"uv": [0, 0, 1, 1], "rotation": 270, "texture": "#2"}
			}
		},
		{
			"from": [7.26, 15.4, 8.74],
			"to": [8, 17.62, 9.48],
			"rotation": {"angle": 45, "axis": "y", "origin": [8, 13.92, 8]},
			"faces": {
				"north": {"uv": [0, 0, 1, 3], "texture": "#2"},
				"east": {"uv": [2, 2, 3, 4], "texture": "#2"},
				"south": {"uv": [0, 0, 1, 3], "texture": "#2"},
				"west": {"uv": [0, 0, 1, 3], "texture": "#2"},
				"up": {"uv": [0, 0, 1, 1], "rotation": 270, "texture": "#2"},
				"down": {"uv": [0, 0, 1, 1], "rotation": 90, "texture": "#2"}
			}
		},
		{
			"from": [8.74, 15.4, 5.78],
			"to": [9.48, 17.62, 6.52],
			"rotation": {"angle": 45, "axis": "y", "origin": [8, 13.92, 8]},
			"faces": {
				"north": {"uv": [0, 0, 1, 3], "texture": "#2"},
				"east": {"uv": [2, 2, 3, 4], "texture": "#2"},
				"south": {"uv": [0, 0, 1, 3], "texture": "#2"},
				"west": {"uv": [0, 0, 1, 3], "texture": "#2"},
				"up": {"uv": [0, 0, 1, 1], "rotation": 90, "texture": "#2"},
				"down": {"uv": [0, 0, 1, 1], "rotation": 270, "texture": "#2"}
			}
		},
		{
			"from": [7.26, 10.22, 8.74],
			"to": [8, 12.44, 9.48],
			"rotation": {"angle": 45, "axis": "y", "origin": [8, 13.92, 8]},
			"faces": {
				"north": {"uv": [0, 0, 1, 3], "texture": "#2"},
				"east": {"uv": [2, 2, 3, 4], "texture": "#2"},
				"south": {"uv": [0, 0, 1, 3], "texture": "#2"},
				"west": {"uv": [0, 0, 1, 3], "texture": "#2"},
				"up": {"uv": [0, 0, 1, 1], "rotation": 270, "texture": "#2"},
				"down": {"uv": [0, 0, 1, 1], "rotation": 90, "texture": "#2"}
			}
		},
		{
			"from": [8.74, 10.22, 5.78],
			"to": [9.48, 12.44, 6.52],
			"rotation": {"angle": 45, "axis": "y", "origin": [8, 13.92, 8]},
			"faces": {
				"north": {"uv": [0, 0, 1, 3], "texture": "#2"},
				"east": {"uv": [2, 2, 3, 4], "texture": "#2"},
				"south": {"uv": [0, 0, 1, 3], "texture": "#2"},
				"west": {"uv": [7, 4, 8, 8], "texture": "#2"},
				"up": {"uv": [0, 0, 1, 1], "rotation": 90, "texture": "#2"},
				"down": {"uv": [0, 0, 1, 1], "rotation": 270, "texture": "#2"}
			}
		},
		{
			"from": [5.78, 10.96, 7.26],
			"to": [7.26, 12.44, 8],
			"rotation": {"angle": 45, "axis": "y", "origin": [8, 13.92, 8]},
			"faces": {
				"north": {"uv": [0, 0, 2, 2], "texture": "#2"},
				"east": {"uv": [2, 2, 3, 4], "texture": "#2"},
				"south": {"uv": [0, 0, 2, 2], "texture": "#2"},
				"west": {"uv": [0, 0, 1, 2], "texture": "#2"},
				"up": {"uv": [0, 0, 1, 2], "rotation": 270, "texture": "#2"},
				"down": {"uv": [0, 0, 1, 2], "rotation": 90, "texture": "#2"}
			}
		},
		{
			"from": [9.48, 10.96, 7.26],
			"to": [10.96, 12.44, 8],
			"rotation": {"angle": 45, "axis": "y", "origin": [8, 13.92, 8]},
			"faces": {
				"north": {"uv": [0, 0, 2, 2], "texture": "#2"},
				"east": {"uv": [2, 2, 3, 4], "texture": "#2"},
				"south": {"uv": [0, 0, 2, 2], "texture": "#2"},
				"west": {"uv": [7, 4, 8, 8], "texture": "#2"},
				"up": {"uv": [0, 0, 1, 2], "rotation": 90, "texture": "#2"},
				"down": {"uv": [0, 0, 1, 2], "rotation": 270, "texture": "#2"}
			}
		},
		{
			"from": [8, 10.96, 8.74],
			"to": [8.74, 12.44, 10.22],
			"rotation": {"angle": 45, "axis": "y", "origin": [8, 13.92, 8]},
			"faces": {
				"north": {"uv": [0, 0, 1, 2], "texture": "#2"},
				"east": {"uv": [2, 2, 3, 4], "texture": "#2"},
				"south": {"uv": [0, 0, 1, 2], "texture": "#2"},
				"west": {"uv": [0, 0, 2, 2], "texture": "#2"},
				"up": {"uv": [0, 0, 2, 1], "rotation": 270, "texture": "#2"},
				"down": {"uv": [0, 0, 2, 1], "rotation": 90, "texture": "#2"}
			}
		},
		{
			"from": [8, 10.96, 5.04],
			"to": [8.74, 12.44, 6.52],
			"rotation": {"angle": 45, "axis": "y", "origin": [8, 13.92, 8]},
			"faces": {
				"north": {"uv": [0, 0, 1, 2], "texture": "#2"},
				"east": {"uv": [2, 2, 3, 4], "texture": "#2"},
				"south": {"uv": [0, 0, 1, 2], "texture": "#2"},
				"west": {"uv": [7, 4, 8, 8], "texture": "#2"},
				"up": {"uv": [0, 0, 2, 1], "rotation": 90, "texture": "#2"},
				"down": {"uv": [0, 0, 2, 1], "rotation": 270, "texture": "#2"}
			}
		},
		{
			"from": [5.78, 15.4, 8.74],
			"to": [6.52, 18.36, 9.48],
			"rotation": {"angle": 45, "axis": "y", "origin": [8, 13.92, 8]},
			"faces": {
				"north": {"uv": [0, 0, 1, 4], "texture": "#2"},
				"east": {"uv": [2, 2, 3, 4], "texture": "#2"},
				"south": {"uv": [0, 0, 1, 4], "texture": "#2"},
				"west": {"uv": [0, 0, 1, 4], "texture": "#2"},
				"up": {"uv": [0, 0, 1, 1], "rotation": 270, "texture": "#2"},
				"down": {"uv": [0, 0, 1, 1], "rotation": 90, "texture": "#2"}
			}
		},
		{
			"from": [10.22, 15.4, 5.78],
			"to": [10.96, 18.36, 6.52],
			"rotation": {"angle": 45, "axis": "y", "origin": [8, 13.92, 8]},
			"faces": {
				"north": {"uv": [0, 0, 1, 4], "texture": "#2"},
				"east": {"uv": [2, 2, 3, 4], "texture": "#2"},
				"south": {"uv": [0, 0, 1, 4], "texture": "#2"},
				"west": {"uv": [0, 0, 1, 4], "texture": "#2"},
				"up": {"uv": [0, 0, 1, 1], "rotation": 90, "texture": "#2"},
				"down": {"uv": [0, 0, 1, 1], "rotation": 270, "texture": "#2"}
			}
		},
		{
			"from": [5.78, 9.48, 8.74],
			"to": [6.52, 12.44, 9.48],
			"rotation": {"angle": 45, "axis": "y", "origin": [8, 13.92, 8]},
			"faces": {
				"north": {"uv": [0, 0, 1, 4], "texture": "#2"},
				"east": {"uv": [2, 2, 3, 4], "texture": "#2"},
				"south": {"uv": [0, 0, 1, 4], "texture": "#2"},
				"west": {"uv": [0, 0, 1, 4], "texture": "#2"},
				"up": {"uv": [0, 0, 1, 1], "rotation": 270, "texture": "#2"},
				"down": {"uv": [0, 0, 1, 1], "rotation": 90, "texture": "#2"}
			}
		},
		{
			"from": [10.22, 9.48, 5.78],
			"to": [10.96, 12.44, 6.52],
			"rotation": {"angle": 45, "axis": "y", "origin": [8, 13.92, 8]},
			"faces": {
				"north": {"uv": [0, 0, 1, 4], "texture": "#2"},
				"east": {"uv": [2, 2, 3, 4], "texture": "#2"},
				"south": {"uv": [0, 0, 1, 4], "texture": "#2"},
				"west": {"uv": [7, 4, 8, 8], "texture": "#2"},
				"up": {"uv": [0, 0, 1, 1], "rotation": 90, "texture": "#2"},
				"down": {"uv": [0, 0, 1, 1], "rotation": 270, "texture": "#2"}
			}
		},
		{
			"from": [9.48, 14.66, 9.48],
			"to": [12.44, 15.4, 10.22],
			"rotation": {"angle": 45, "axis": "x", "origin": [8, 13.92, 8]},
			"faces": {
				"north": {"uv": [0, 0, 4, 1], "texture": "#2"},
				"east": {"uv": [2, 2, 3, 4], "texture": "#2"},
				"south": {"uv": [0, 0, 4, 1], "texture": "#2"},
				"west": {"uv": [0, 0, 1, 1], "texture": "#2"},
				"up": {"uv": [0, 0, 1, 4], "rotation": 270, "texture": "#2"},
				"down": {"uv": [0, 0, 1, 4], "rotation": 90, "texture": "#2"}
			}
		},
		{
			"from": [9.48, 13.18, 10.22],
			"to": [12.44, 14.66, 10.22],
			"rotation": {"angle": 0, "axis": "y", "origin": [8, 13.92, 8]},
			"faces": {
				"north": {"uv": [0, 0, 4, 1], "rotation": 180, "texture": "#1"},
				"east": {"uv": [2, 2, 3, 4], "rotation": 180, "texture": "#1"},
				"south": {"uv": [0, 0, 4, 1], "rotation": 180, "texture": "#1"},
				"west": {"uv": [0, 0, 1, 1], "rotation": 180, "texture": "#1"},
				"up": {"uv": [0, 0, 1, 4], "rotation": 90, "texture": "#1"},
				"down": {"uv": [0, 0, 1, 4], "rotation": 270, "texture": "#1"}
			}
		},
		{
			"from": [3.56, 13.18, 10.22],
			"to": [6.52, 14.66, 10.22],
			"rotation": {"angle": 0, "axis": "y", "origin": [8, 13.92, 8]},
			"faces": {
				"north": {"uv": [0, 0, 4, 1], "rotation": 180, "texture": "#1"},
				"east": {"uv": [2, 2, 3, 4], "rotation": 180, "texture": "#1"},
				"south": {"uv": [0, 0, 4, 1], "rotation": 180, "texture": "#1"},
				"west": {"uv": [0, 0, 1, 1], "rotation": 180, "texture": "#1"},
				"up": {"uv": [0, 0, 1, 4], "rotation": 90, "texture": "#1"},
				"down": {"uv": [0, 0, 1, 4], "rotation": 270, "texture": "#1"}
			}
		},
		{
			"from": [9.48, 11.7, 5.04],
			"to": [12.44, 12.44, 5.78],
			"rotation": {"angle": 45, "axis": "x", "origin": [8, 13.92, 8]},
			"faces": {
				"north": {"uv": [0, 0, 4, 1], "rotation": 180, "texture": "#2"},
				"east": {"uv": [2, 2, 3, 4], "rotation": 180, "texture": "#2"},
				"south": {"uv": [0, 0, 4, 1], "rotation": 180, "texture": "#2"},
				"west": {"uv": [0, 0, 1, 1], "rotation": 180, "texture": "#2"},
				"up": {"uv": [0, 0, 1, 4], "rotation": 90, "texture": "#2"},
				"down": {"uv": [0, 0, 1, 4], "rotation": 270, "texture": "#2"}
			}
		},
		{
			"from": [3.56, 14.66, 9.48],
			"to": [6.52, 15.4, 10.22],
			"rotation": {"angle": 45, "axis": "x", "origin": [8, 13.92, 8]},
			"faces": {
				"north": {"uv": [0, 0, 4, 1], "texture": "#2"},
				"east": {"uv": [2, 2, 3, 4], "texture": "#2"},
				"south": {"uv": [0, 0, 4, 1], "texture": "#2"},
				"west": {"uv": [0, 0, 1, 1], "texture": "#2"},
				"up": {"uv": [0, 0, 1, 4], "rotation": 270, "texture": "#2"},
				"down": {"uv": [0, 0, 1, 4], "rotation": 90, "texture": "#2"}
			}
		},
		{
			"from": [3.56, 11.7, 5.04],
			"to": [6.52, 12.44, 5.78],
			"rotation": {"angle": 45, "axis": "x", "origin": [8, 13.92, 8]},
			"faces": {
				"north": {"uv": [0, 0, 4, 1], "rotation": 180, "texture": "#2"},
				"east": {"uv": [2, 2, 3, 4], "rotation": 180, "texture": "#2"},
				"south": {"uv": [0, 0, 4, 1], "rotation": 180, "texture": "#2"},
				"west": {"uv": [0, 0, 1, 1], "rotation": 180, "texture": "#2"},
				"up": {"uv": [0, 0, 1, 4], "rotation": 90, "texture": "#2"},
				"down": {"uv": [0, 0, 1, 4], "rotation": 270, "texture": "#2"}
			}
		},
		{
			"from": [9.48, 15.4, 8.74],
			"to": [12.44, 16.14, 9.48],
			"rotation": {"angle": 45, "axis": "x", "origin": [8, 13.92, 8]},
			"faces": {
				"north": {"uv": [0, 0, 4, 1], "texture": "#2"},
				"east": {"uv": [2, 2, 3, 4], "texture": "#2"},
				"south": {"uv": [0, 0, 4, 1], "texture": "#2"},
				"west": {"uv": [0, 0, 1, 1], "texture": "#2"},
				"up": {"uv": [0, 0, 1, 4], "rotation": 270, "texture": "#2"},
				"down": {"uv": [0, 0, 1, 4], "rotation": 90, "texture": "#2"}
			}
		},
		{
			"from": [9.48, 10.96, 5.78],
			"to": [12.44, 11.7, 6.52],
			"rotation": {"angle": 45, "axis": "x", "origin": [8, 13.92, 8]},
			"faces": {
				"north": {"uv": [0, 0, 4, 1], "rotation": 180, "texture": "#2"},
				"east": {"uv": [2, 2, 3, 4], "rotation": 180, "texture": "#2"},
				"south": {"uv": [0, 0, 4, 1], "rotation": 180, "texture": "#2"},
				"west": {"uv": [0, 0, 1, 1], "rotation": 180, "texture": "#2"},
				"up": {"uv": [0, 0, 1, 4], "rotation": 90, "texture": "#2"},
				"down": {"uv": [0, 0, 1, 4], "rotation": 270, "texture": "#2"}
			}
		},
		{
			"from": [3.56, 15.4, 8.74],
			"to": [6.52, 16.14, 9.48],
			"rotation": {"angle": 45, "axis": "x", "origin": [8, 13.92, 8]},
			"faces": {
				"north": {"uv": [0, 0, 4, 1], "texture": "#2"},
				"east": {"uv": [2, 2, 3, 4], "texture": "#2"},
				"south": {"uv": [0, 0, 4, 1], "texture": "#2"},
				"west": {"uv": [0, 0, 1, 1], "texture": "#2"},
				"up": {"uv": [0, 0, 1, 4], "rotation": 270, "texture": "#2"},
				"down": {"uv": [0, 0, 1, 4], "rotation": 90, "texture": "#2"}
			}
		},
		{
			"from": [3.56, 10.96, 5.78],
			"to": [6.52, 11.7, 6.52],
			"rotation": {"angle": 45, "axis": "x", "origin": [8, 13.92, 8]},
			"faces": {
				"north": {"uv": [0, 0, 4, 1], "rotation": 180, "texture": "#2"},
				"east": {"uv": [2, 2, 3, 4], "rotation": 180, "texture": "#2"},
				"south": {"uv": [0, 0, 4, 1], "rotation": 180, "texture": "#2"},
				"west": {"uv": [0, 0, 1, 1], "rotation": 180, "texture": "#2"},
				"up": {"uv": [0, 0, 1, 4], "rotation": 90, "texture": "#2"},
				"down": {"uv": [0, 0, 1, 4], "rotation": 270, "texture": "#2"}
			}
		},
		{
			"from": [9.48, 15.4, 8],
			"to": [11.7, 16.14, 8.74],
			"rotation": {"angle": 45, "axis": "x", "origin": [8, 13.92, 8]},
			"faces": {
				"north": {"uv": [0, 0, 3, 1], "texture": "#2"},
				"east": {"uv": [2, 2, 3, 4], "texture": "#2"},
				"south": {"uv": [0, 0, 3, 1], "texture": "#2"},
				"west": {"uv": [0, 0, 1, 1], "texture": "#2"},
				"up": {"uv": [0, 0, 1, 3], "rotation": 270, "texture": "#2"},
				"down": {"uv": [0, 0, 1, 3], "rotation": 90, "texture": "#2"}
			}
		},
		{
			"from": [9.48, 10.96, 6.52],
			"to": [11.7, 11.7, 7.26],
			"rotation": {"angle": 45, "axis": "x", "origin": [8, 13.92, 8]},
			"faces": {
				"north": {"uv": [0, 0, 3, 1], "rotation": 180, "texture": "#2"},
				"east": {"uv": [2, 2, 3, 4], "rotation": 180, "texture": "#2"},
				"south": {"uv": [0, 0, 3, 1], "rotation": 180, "texture": "#2"},
				"west": {"uv": [0, 0, 1, 1], "rotation": 180, "texture": "#2"},
				"up": {"uv": [0, 0, 1, 3], "rotation": 90, "texture": "#2"},
				"down": {"uv": [0, 0, 1, 3], "rotation": 270, "texture": "#2"}
			}
		},
		{
			"from": [9.48, 14.66, 8.74],
			"to": [11.7, 15.4, 9.48],
			"rotation": {"angle": 45, "axis": "x", "origin": [8, 13.92, 8]},
			"faces": {
				"north": {"uv": [0, 0, 3, 1], "texture": "#2"},
				"east": {"uv": [2, 2, 3, 4], "texture": "#2"},
				"south": {"uv": [0, 0, 3, 1], "texture": "#2"},
				"west": {"uv": [0, 0, 1, 1], "texture": "#2"},
				"up": {"uv": [0, 0, 1, 3], "rotation": 270, "texture": "#2"},
				"down": {"uv": [0, 0, 1, 3], "rotation": 90, "texture": "#2"}
			}
		},
		{
			"from": [9.48, 11.7, 5.78],
			"to": [11.7, 12.44, 6.52],
			"rotation": {"angle": 45, "axis": "x", "origin": [8, 13.92, 8]},
			"faces": {
				"north": {"uv": [0, 0, 3, 1], "rotation": 180, "texture": "#2"},
				"east": {"uv": [2, 2, 3, 4], "rotation": 180, "texture": "#2"},
				"south": {"uv": [0, 0, 3, 1], "rotation": 180, "texture": "#2"},
				"west": {"uv": [0, 0, 1, 1], "rotation": 180, "texture": "#2"},
				"up": {"uv": [0, 0, 1, 3], "rotation": 90, "texture": "#2"},
				"down": {"uv": [0, 0, 1, 3], "rotation": 270, "texture": "#2"}
			}
		},
		{
			"from": [4.3, 14.66, 8.74],
			"to": [6.52, 15.4, 9.48],
			"rotation": {"angle": 45, "axis": "x", "origin": [8, 13.92, 8]},
			"faces": {
				"north": {"uv": [0, 0, 3, 1], "texture": "#2"},
				"east": {"uv": [2, 2, 3, 4], "texture": "#2"},
				"south": {"uv": [0, 0, 3, 1], "texture": "#2"},
				"west": {"uv": [0, 0, 1, 1], "texture": "#2"},
				"up": {"uv": [0, 0, 1, 3], "rotation": 270, "texture": "#2"},
				"down": {"uv": [0, 0, 1, 3], "rotation": 90, "texture": "#2"}
			}
		},
		{
			"from": [4.3, 11.7, 5.78],
			"to": [6.52, 12.44, 6.52],
			"rotation": {"angle": 45, "axis": "x", "origin": [8, 13.92, 8]},
			"faces": {
				"north": {"uv": [0, 0, 3, 1], "rotation": 180, "texture": "#2"},
				"east": {"uv": [2, 2, 3, 4], "rotation": 180, "texture": "#2"},
				"south": {"uv": [0, 0, 3, 1], "rotation": 180, "texture": "#2"},
				"west": {"uv": [0, 0, 1, 1], "rotation": 180, "texture": "#2"},
				"up": {"uv": [0, 0, 1, 3], "rotation": 90, "texture": "#2"},
				"down": {"uv": [0, 0, 1, 3], "rotation": 270, "texture": "#2"}
			}
		},
		{
			"from": [4.3, 15.4, 8],
			"to": [6.52, 16.14, 8.74],
			"rotation": {"angle": 45, "axis": "x", "origin": [8, 13.92, 8]},
			"faces": {
				"north": {"uv": [0, 0, 3, 1], "texture": "#2"},
				"east": {"uv": [2, 2, 3, 4], "texture": "#2"},
				"south": {"uv": [0, 0, 3, 1], "texture": "#2"},
				"west": {"uv": [0, 0, 1, 1], "texture": "#2"},
				"up": {"uv": [0, 0, 1, 3], "rotation": 270, "texture": "#2"},
				"down": {"uv": [0, 0, 1, 3], "rotation": 90, "texture": "#2"}
			}
		},
		{
			"from": [4.3, 10.96, 6.52],
			"to": [6.52, 11.7, 7.26],
			"rotation": {"angle": 45, "axis": "x", "origin": [8, 13.92, 8]},
			"faces": {
				"north": {"uv": [0, 0, 3, 1], "rotation": 180, "texture": "#2"},
				"east": {"uv": [2, 2, 3, 4], "rotation": 180, "texture": "#2"},
				"south": {"uv": [0, 0, 3, 1], "rotation": 180, "texture": "#2"},
				"west": {"uv": [0, 0, 1, 1], "rotation": 180, "texture": "#2"},
				"up": {"uv": [0, 0, 1, 3], "rotation": 90, "texture": "#2"},
				"down": {"uv": [0, 0, 1, 3], "rotation": 270, "texture": "#2"}
			}
		},
		{
			"from": [9.48, 13.92, 9.48],
			"to": [11.7, 14.66, 10.22],
			"rotation": {"angle": 45, "axis": "x", "origin": [8, 13.92, 8]},
			"faces": {
				"north": {"uv": [0, 0, 3, 1], "texture": "#2"},
				"east": {"uv": [2, 2, 3, 4], "texture": "#2"},
				"south": {"uv": [0, 0, 3, 1], "texture": "#2"},
				"west": {"uv": [0, 0, 1, 1], "texture": "#2"},
				"up": {"uv": [0, 0, 1, 3], "rotation": 270, "texture": "#2"},
				"down": {"uv": [0, 0, 1, 3], "rotation": 90, "texture": "#2"}
			}
		},
		{
			"from": [9.48, 12.44, 5.04],
			"to": [11.7, 13.18, 5.78],
			"rotation": {"angle": 45, "axis": "x", "origin": [8, 13.92, 8]},
			"faces": {
				"north": {"uv": [0, 0, 3, 1], "rotation": 180, "texture": "#2"},
				"east": {"uv": [2, 2, 3, 4], "rotation": 180, "texture": "#2"},
				"south": {"uv": [0, 0, 3, 1], "rotation": 180, "texture": "#2"},
				"west": {"uv": [0, 0, 1, 1], "rotation": 180, "texture": "#2"},
				"up": {"uv": [0, 0, 1, 3], "rotation": 90, "texture": "#2"},
				"down": {"uv": [0, 0, 1, 3], "rotation": 270, "texture": "#2"}
			}
		},
		{
			"from": [4.3, 13.92, 9.48],
			"to": [6.52, 14.66, 10.22],
			"rotation": {"angle": 45, "axis": "x", "origin": [8, 13.92, 8]},
			"faces": {
				"north": {"uv": [0, 0, 3, 1], "texture": "#2"},
				"east": {"uv": [2, 2, 3, 4], "texture": "#2"},
				"south": {"uv": [0, 0, 3, 1], "texture": "#2"},
				"west": {"uv": [0, 0, 1, 1], "texture": "#2"},
				"up": {"uv": [0, 0, 1, 3], "rotation": 270, "texture": "#2"},
				"down": {"uv": [0, 0, 1, 3], "rotation": 90, "texture": "#2"}
			}
		},
		{
			"from": [4.3, 12.44, 5.04],
			"to": [6.52, 13.18, 5.78],
			"rotation": {"angle": 45, "axis": "x", "origin": [8, 13.92, 8]},
			"faces": {
				"north": {"uv": [0, 0, 3, 1], "rotation": 180, "texture": "#2"},
				"east": {"uv": [2, 2, 3, 4], "rotation": 180, "texture": "#2"},
				"south": {"uv": [0, 0, 3, 1], "rotation": 180, "texture": "#2"},
				"west": {"uv": [0, 0, 1, 1], "rotation": 180, "texture": "#2"},
				"up": {"uv": [0, 0, 1, 3], "rotation": 90, "texture": "#2"},
				"down": {"uv": [0, 0, 1, 3], "rotation": 270, "texture": "#2"}
			}
		},
		{
			"from": [9.48, 14.66, 7.26],
			"to": [10.96, 16.14, 8],
			"rotation": {"angle": 45, "axis": "x", "origin": [8, 13.92, 8]},
			"faces": {
				"north": {"uv": [0, 0, 2, 2], "texture": "#2"},
				"east": {"uv": [2, 2, 3, 4], "texture": "#2"},
				"south": {"uv": [0, 0, 2, 2], "texture": "#2"},
				"west": {"uv": [0, 0, 1, 2], "texture": "#2"},
				"up": {"uv": [0, 0, 1, 2], "rotation": 270, "texture": "#2"},
				"down": {"uv": [0, 0, 1, 2], "rotation": 90, "texture": "#2"}
			}
		},
		{
			"from": [9.48, 10.96, 7.26],
			"to": [10.96, 12.44, 8],
			"rotation": {"angle": 45, "axis": "x", "origin": [8, 13.92, 8]},
			"faces": {
				"north": {"uv": [0, 0, 2, 2], "rotation": 180, "texture": "#2"},
				"east": {"uv": [2, 2, 3, 4], "rotation": 180, "texture": "#2"},
				"south": {"uv": [0, 0, 2, 2], "rotation": 180, "texture": "#2"},
				"west": {"uv": [0, 0, 1, 2], "rotation": 180, "texture": "#2"},
				"up": {"uv": [0, 0, 1, 2], "rotation": 90, "texture": "#2"},
				"down": {"uv": [0, 0, 1, 2], "rotation": 270, "texture": "#2"}
			}
		},
		{
			"from": [9.48, 12.44, 6.52],
			"to": [10.96, 14.66, 8.74],
			"rotation": {"angle": 45, "axis": "x", "origin": [8, 13.92, 8]},
			"faces": {
				"north": {"uv": [0, 0, 2, 3], "rotation": 180, "texture": "#2"},
				"east": {"uv": [2, 2, 3, 4], "rotation": 180, "texture": "#2"},
				"south": {"uv": [0, 0, 2, 3], "rotation": 180, "texture": "#2"},
				"west": {"uv": [0, 0, 3, 3], "rotation": 180, "texture": "#2"},
				"up": {"uv": [0, 0, 3, 2], "rotation": 90, "texture": "#2"},
				"down": {"uv": [0, 0, 3, 2], "rotation": 270, "texture": "#2"}
			}
		},
		{
			"from": [5.04, 12.44, 6.52],
			"to": [6.52, 14.66, 8.74],
			"rotation": {"angle": 45, "axis": "x", "origin": [8, 13.92, 8]},
			"faces": {
				"north": {"uv": [0, 0, 2, 3], "rotation": 180, "texture": "#2"},
				"east": {"uv": [2, 2, 3, 4], "rotation": 180, "texture": "#2"},
				"south": {"uv": [0, 0, 2, 3], "rotation": 180, "texture": "#2"},
				"west": {"uv": [0, 0, 3, 3], "rotation": 180, "texture": "#2"},
				"up": {"uv": [0, 0, 3, 2], "rotation": 90, "texture": "#2"},
				"down": {"uv": [0, 0, 3, 2], "rotation": 270, "texture": "#2"}
			}
		},
		{
			"from": [9.48, 14.66, 8],
			"to": [11.7, 15.4, 8.74],
			"rotation": {"angle": 45, "axis": "x", "origin": [8, 13.92, 8]},
			"faces": {
				"north": {"uv": [0, 0, 3, 1], "texture": "#2"},
				"east": {"uv": [2, 2, 3, 4], "texture": "#2"},
				"south": {"uv": [0, 0, 3, 1], "texture": "#2"},
				"west": {"uv": [0, 0, 1, 1], "texture": "#2"},
				"up": {"uv": [0, 0, 1, 3], "rotation": 270, "texture": "#2"},
				"down": {"uv": [0, 0, 1, 3], "rotation": 90, "texture": "#2"}
			}
		},
		{
			"from": [9.48, 11.7, 6.52],
			"to": [11.7, 12.44, 7.26],
			"rotation": {"angle": 45, "axis": "x", "origin": [8, 13.92, 8]},
			"faces": {
				"north": {"uv": [0, 0, 3, 1], "rotation": 180, "texture": "#2"},
				"east": {"uv": [2, 2, 3, 4], "rotation": 180, "texture": "#2"},
				"south": {"uv": [0, 0, 3, 1], "rotation": 180, "texture": "#2"},
				"west": {"uv": [0, 0, 1, 1], "rotation": 180, "texture": "#2"},
				"up": {"uv": [0, 0, 1, 3], "rotation": 90, "texture": "#2"},
				"down": {"uv": [0, 0, 1, 3], "rotation": 270, "texture": "#2"}
			}
		},
		{
			"from": [4.3, 14.66, 8],
			"to": [6.52, 15.4, 8.74],
			"rotation": {"angle": 45, "axis": "x", "origin": [8, 13.92, 8]},
			"faces": {
				"north": {"uv": [0, 0, 3, 1], "texture": "#2"},
				"east": {"uv": [2, 2, 3, 4], "texture": "#2"},
				"south": {"uv": [0, 0, 3, 1], "texture": "#2"},
				"west": {"uv": [0, 0, 1, 1], "texture": "#2"},
				"up": {"uv": [0, 0, 1, 3], "rotation": 270, "texture": "#2"},
				"down": {"uv": [0, 0, 1, 3], "rotation": 90, "texture": "#2"}
			}
		},
		{
			"from": [4.3, 11.7, 6.52],
			"to": [6.52, 12.44, 7.26],
			"rotation": {"angle": 45, "axis": "x", "origin": [8, 13.92, 8]},
			"faces": {
				"north": {"uv": [0, 0, 3, 1], "rotation": 180, "texture": "#2"},
				"east": {"uv": [2, 2, 3, 4], "rotation": 180, "texture": "#2"},
				"south": {"uv": [0, 0, 3, 1], "rotation": 180, "texture": "#2"},
				"west": {"uv": [0, 0, 1, 1], "rotation": 180, "texture": "#2"},
				"up": {"uv": [0, 0, 1, 3], "rotation": 90, "texture": "#2"},
				"down": {"uv": [0, 0, 1, 3], "rotation": 270, "texture": "#2"}
			}
		},
		{
			"from": [9.48, 13.92, 8.74],
			"to": [11.7, 14.66, 9.48],
			"rotation": {"angle": 45, "axis": "x", "origin": [8, 13.92, 8]},
			"faces": {
				"north": {"uv": [0, 0, 3, 1], "texture": "#2"},
				"east": {"uv": [2, 2, 3, 4], "texture": "#2"},
				"south": {"uv": [0, 0, 3, 1], "texture": "#2"},
				"west": {"uv": [0, 0, 1, 1], "texture": "#2"},
				"up": {"uv": [0, 0, 1, 3], "rotation": 270, "texture": "#2"},
				"down": {"uv": [0, 0, 1, 3], "rotation": 90, "texture": "#2"}
			}
		},
		{
			"from": [9.48, 12.44, 5.78],
			"to": [11.7, 13.18, 6.52],
			"rotation": {"angle": 45, "axis": "x", "origin": [8, 13.92, 8]},
			"faces": {
				"north": {"uv": [0, 0, 3, 1], "rotation": 180, "texture": "#2"},
				"east": {"uv": [2, 2, 3, 4], "rotation": 180, "texture": "#2"},
				"south": {"uv": [0, 0, 3, 1], "rotation": 180, "texture": "#2"},
				"west": {"uv": [0, 0, 1, 1], "rotation": 180, "texture": "#2"},
				"up": {"uv": [0, 0, 1, 3], "rotation": 90, "texture": "#2"},
				"down": {"uv": [0, 0, 1, 3], "rotation": 270, "texture": "#2"}
			}
		},
		{
			"from": [4.3, 13.92, 8.74],
			"to": [6.52, 14.66, 9.48],
			"rotation": {"angle": 45, "axis": "x", "origin": [8, 13.92, 8]},
			"faces": {
				"north": {"uv": [0, 0, 3, 1], "texture": "#2"},
				"east": {"uv": [2, 2, 3, 4], "texture": "#2"},
				"south": {"uv": [0, 0, 3, 1], "texture": "#2"},
				"west": {"uv": [0, 0, 1, 1], "texture": "#2"},
				"up": {"uv": [0, 0, 1, 3], "rotation": 270, "texture": "#2"},
				"down": {"uv": [0, 0, 1, 3], "rotation": 90, "texture": "#2"}
			}
		},
		{
			"from": [4.3, 12.44, 5.78],
			"to": [6.52, 13.18, 6.52],
			"rotation": {"angle": 45, "axis": "x", "origin": [8, 13.92, 8]},
			"faces": {
				"north": {"uv": [0, 0, 3, 1], "rotation": 180, "texture": "#2"},
				"east": {"uv": [2, 2, 3, 4], "rotation": 180, "texture": "#2"},
				"south": {"uv": [0, 0, 3, 1], "rotation": 180, "texture": "#2"},
				"west": {"uv": [0, 0, 1, 1], "rotation": 180, "texture": "#2"},
				"up": {"uv": [0, 0, 1, 3], "rotation": 90, "texture": "#2"},
				"down": {"uv": [0, 0, 1, 3], "rotation": 270, "texture": "#2"}
			}
		},
		{
			"from": [5.04, 14.66, 7.26],
			"to": [6.52, 16.14, 8],
			"rotation": {"angle": 45, "axis": "x", "origin": [8, 13.92, 8]},
			"faces": {
				"north": {"uv": [0, 0, 2, 2], "texture": "#2"},
				"east": {"uv": [2, 2, 3, 4], "texture": "#2"},
				"south": {"uv": [0, 0, 2, 2], "texture": "#2"},
				"west": {"uv": [0, 0, 1, 2], "texture": "#2"},
				"up": {"uv": [0, 0, 1, 2], "rotation": 270, "texture": "#2"},
				"down": {"uv": [0, 0, 1, 2], "rotation": 90, "texture": "#2"}
			}
		},
		{
			"from": [5.78, 14.66, 6.52],
			"to": [6.52, 16.14, 7.26],
			"rotation": {"angle": 45, "axis": "x", "origin": [8, 13.92, 8]},
			"faces": {
				"north": {"uv": [0, 0, 1, 2], "texture": "#2"},
				"east": {"uv": [2, 2, 3, 4], "texture": "#2"},
				"south": {"uv": [0, 0, 1, 2], "texture": "#2"},
				"west": {"uv": [0, 0, 1, 2], "texture": "#2"},
				"up": {"uv": [0, 0, 1, 1], "rotation": 270, "texture": "#2"},
				"down": {"uv": [0, 0, 1, 1], "rotation": 90, "texture": "#2"}
			}
		},
		{
			"from": [5.78, 13.92, 5.04],
			"to": [6.52, 14.66, 6.52],
			"rotation": {"angle": 45, "axis": "x", "origin": [8, 13.92, 8]},
			"faces": {
				"north": {"uv": [0, 0, 1, 1], "texture": "#2"},
				"east": {"uv": [2, 2, 3, 4], "texture": "#2"},
				"south": {"uv": [0, 0, 1, 1], "texture": "#2"},
				"west": {"uv": [0, 0, 2, 1], "texture": "#2"},
				"up": {"uv": [0, 0, 2, 1], "rotation": 270, "texture": "#2"},
				"down": {"uv": [0, 0, 2, 1], "rotation": 90, "texture": "#2"}
			}
		},
		{
			"from": [9.48, 14.66, 6.52],
			"to": [10.22, 16.14, 7.26],
			"rotation": {"angle": 45, "axis": "x", "origin": [8, 13.92, 8]},
			"faces": {
				"north": {"uv": [0, 0, 1, 2], "texture": "#2"},
				"east": {"uv": [2, 2, 3, 4], "texture": "#2"},
				"south": {"uv": [0, 0, 1, 2], "texture": "#2"},
				"west": {"uv": [0, 0, 1, 2], "texture": "#2"},
				"up": {"uv": [0, 0, 1, 1], "rotation": 270, "texture": "#2"},
				"down": {"uv": [0, 0, 1, 1], "rotation": 90, "texture": "#2"}
			}
		},
		{
			"from": [9.48, 13.92, 5.04],
			"to": [10.22, 14.66, 6.52],
			"rotation": {"angle": 45, "axis": "x", "origin": [8, 13.92, 8]},
			"faces": {
				"north": {"uv": [0, 0, 1, 1], "texture": "#2"},
				"east": {"uv": [2, 2, 3, 4], "texture": "#2"},
				"south": {"uv": [0, 0, 1, 1], "texture": "#2"},
				"west": {"uv": [0, 0, 2, 1], "texture": "#2"},
				"up": {"uv": [0, 0, 2, 1], "rotation": 270, "texture": "#2"},
				"down": {"uv": [0, 0, 2, 1], "rotation": 90, "texture": "#2"}
			}
		},
		{
			"from": [5.04, 10.96, 7.26],
			"to": [6.52, 12.44, 8],
			"rotation": {"angle": 45, "axis": "x", "origin": [8, 13.92, 8]},
			"faces": {
				"north": {"uv": [0, 0, 2, 2], "rotation": 180, "texture": "#2"},
				"east": {"uv": [2, 2, 3, 4], "rotation": 180, "texture": "#2"},
				"south": {"uv": [0, 0, 2, 2], "rotation": 180, "texture": "#2"},
				"west": {"uv": [0, 0, 1, 2], "rotation": 180, "texture": "#2"},
				"up": {"uv": [0, 0, 1, 2], "rotation": 90, "texture": "#2"},
				"down": {"uv": [0, 0, 1, 2], "rotation": 270, "texture": "#2"}
			}
		},
		{
			"from": [9.48, 13.18, 8.74],
			"to": [10.96, 13.92, 10.22],
			"rotation": {"angle": 45, "axis": "x", "origin": [8, 13.92, 8]},
			"faces": {
				"north": {"uv": [0, 0, 2, 1], "texture": "#2"},
				"east": {"uv": [2, 2, 3, 4], "texture": "#2"},
				"south": {"uv": [0, 0, 2, 1], "texture": "#2"},
				"west": {"uv": [0, 0, 2, 1], "texture": "#2"},
				"up": {"uv": [0, 0, 2, 2], "rotation": 270, "texture": "#2"},
				"down": {"uv": [0, 0, 2, 2], "rotation": 90, "texture": "#2"}
			}
		},
		{
			"from": [9.48, 13.18, 5.04],
			"to": [10.96, 13.92, 6.52],
			"rotation": {"angle": 45, "axis": "x", "origin": [8, 13.92, 8]},
			"faces": {
				"north": {"uv": [0, 0, 2, 1], "rotation": 180, "texture": "#2"},
				"east": {"uv": [2, 2, 3, 4], "rotation": 180, "texture": "#2"},
				"south": {"uv": [0, 0, 2, 1], "rotation": 180, "texture": "#2"},
				"west": {"uv": [0, 0, 2, 1], "rotation": 180, "texture": "#2"},
				"up": {"uv": [0, 0, 2, 2], "rotation": 90, "texture": "#2"},
				"down": {"uv": [0, 0, 2, 2], "rotation": 270, "texture": "#2"}
			}
		},
		{
			"from": [5.04, 13.18, 8.74],
			"to": [6.52, 13.92, 10.22],
			"rotation": {"angle": 45, "axis": "x", "origin": [8, 13.92, 8]},
			"faces": {
				"north": {"uv": [0, 0, 2, 1], "texture": "#2"},
				"east": {"uv": [2, 2, 3, 4], "texture": "#2"},
				"south": {"uv": [0, 0, 2, 1], "texture": "#2"},
				"west": {"uv": [0, 0, 2, 1], "texture": "#2"},
				"up": {"uv": [0, 0, 2, 2], "rotation": 270, "texture": "#2"},
				"down": {"uv": [0, 0, 2, 2], "rotation": 90, "texture": "#2"}
			}
		},
		{
			"from": [5.78, 10.96, 8],
			"to": [6.52, 12.44, 8.74],
			"rotation": {"angle": 45, "axis": "x", "origin": [8, 13.92, 8]},
			"faces": {
				"north": {"uv": [0, 0, 1, 2], "texture": "#2"},
				"east": {"uv": [2, 2, 3, 4], "texture": "#2"},
				"south": {"uv": [0, 0, 1, 2], "texture": "#2"},
				"west": {"uv": [0, 0, 1, 2], "texture": "#2"},
				"up": {"uv": [0, 0, 1, 1], "rotation": 270, "texture": "#2"},
				"down": {"uv": [0, 0, 1, 1], "rotation": 90, "texture": "#2"}
			}
		},
		{
			"from": [9.48, 10.96, 8],
			"to": [10.22, 12.44, 8.74],
			"rotation": {"angle": 45, "axis": "x", "origin": [8, 13.92, 8]},
			"faces": {
				"north": {"uv": [0, 0, 1, 2], "texture": "#2"},
				"east": {"uv": [2, 2, 3, 4], "texture": "#2"},
				"south": {"uv": [0, 0, 1, 2], "texture": "#2"},
				"west": {"uv": [0, 0, 1, 2], "texture": "#2"},
				"up": {"uv": [0, 0, 1, 1], "rotation": 270, "texture": "#2"},
				"down": {"uv": [0, 0, 1, 1], "rotation": 90, "texture": "#2"}
			}
		},
		{
			"from": [5.78, 12.44, 8.74],
			"to": [6.52, 13.18, 10.22],
			"rotation": {"angle": 45, "axis": "x", "origin": [8, 13.92, 8]},
			"faces": {
				"north": {"uv": [0, 0, 1, 1], "texture": "#2"},
				"east": {"uv": [2, 2, 3, 4], "texture": "#2"},
				"south": {"uv": [0, 0, 1, 1], "texture": "#2"},
				"west": {"uv": [0, 0, 2, 1], "texture": "#2"},
				"up": {"uv": [0, 0, 2, 1], "rotation": 270, "texture": "#2"},
				"down": {"uv": [0, 0, 2, 1], "rotation": 90, "texture": "#2"}
			}
		},
		{
			"from": [9.48, 12.44, 8.74],
			"to": [10.22, 13.18, 10.22],
			"rotation": {"angle": 45, "axis": "x", "origin": [8, 13.92, 8]},
			"faces": {
				"north": {"uv": [0, 0, 1, 1], "texture": "#2"},
				"east": {"uv": [2, 2, 3, 4], "texture": "#2"},
				"south": {"uv": [0, 0, 1, 1], "texture": "#2"},
				"west": {"uv": [0, 0, 2, 1], "texture": "#2"},
				"up": {"uv": [0, 0, 2, 1], "rotation": 270, "texture": "#2"},
				"down": {"uv": [0, 0, 2, 1], "rotation": 90, "texture": "#2"}
			}
		}
	],
	"display": {
		"thirdperson_righthand": {
			"rotation": [69, -180, 0],
			"translation": [5, -0.25, 14],
			"scale": [0.55, 0.55, 0.6]
		},
		"thirdperson_lefthand": {
			"rotation": [69, -180, 0],
			"translation": [5, -0.25, 14],
			"scale": [0.55, 0.55, 0.6]
		},
		"firstperson_righthand": {
			"rotation": [0, -29, 0],
			"scale": [0.8, 0.8, 0.8]
		},
		"firstperson_lefthand": {
			"rotation": [0, -29, 0],
			"scale": [0.8, 0.8, 0.8]
		},
		"gui": {
			"rotation": [15, 45, 0],
			"translation": [0, -5.75, 0],
			"scale": [1, 1, 1.1]
		},
		"head": {
			"rotation": [0, -180, 0],
			"translation": [14.75, -2.5, 0],
			"scale": [1, 1, 1.1]
		},
		"fixed": {
			"rotation": [0, -180, 0],
			"translation": [0, -5.75, 0]
		}
	},
	"groups": [
		{
			"name": "group",
			"origin": [8, 8, 8],
			"children": [0, 1, 2, 3, 4, 5, 6, 7, 8, 9, 10, 11, 12, 13, 14, 15, 16, 17, 18, 19, 20, 21, 22, 23, 24, 25, 26, 27, 28, 29, 30, 31, 32, 33, 34, 35, 36, 37, 38, 39, 40, 41, 42, 43, 44, 45, 46, 47, 48, 49, 50, 51, 52, 53, 54, 55, 56, 57, 58, 59, 60, 61, 62, 63, 64, 65, 66, 67, 68, 69, 70, 71, 72, 73, 74, 75, 76, 77, 78, 79, 80, 81, 82, 83, 84, 85, 86, 87, 88, 89, 90, 91, 92, 93, 94, 95, 96, 97, 98, 99, 100, 101, 102, 103, 104, 105, 106, 107, 108]
		}
	]
}