{"stats":{"minecraft:custom":{"minecraft:mob_kills":61,"minecraft:interact_with_anvil":2,"minecraft:inspect_hopper":1,"minecraft:traded_with_villager":12,"minecraft:leave_game":20,"minecraft:time_since_death":29856,"minecraft:time_since_rest":29892,"minecraft:sprint_one_cm":449508,"minecraft:damage_taken":366,"minecraft:walk_one_cm":520703,"minecraft:trigger_trapped_chest":5,"minecraft:drop":902,"minecraft:damage_dealt":10713,"minecraft:talked_to_villager":10,"minecraft:fly_one_cm":561705,"minecraft:target_hit":2,"minecraft:open_chest":47,"minecraft:crouch_one_cm":5713,"minecraft:play_time":357810,"minecraft:deaths":3,"minecraft:sneak_time":4515,"minecraft:jump":1723,"minecraft:interact_with_brewingstand":1,"minecraft:total_world_time":871801,"minecraft:fall_one_cm":627,"minecraft:inspect_dispenser":11},"minecraft:picked_up":{"minecraft:leather_chestplate":13,"minecraft:repeater":2,"minecraft:glow_ink_sac":2,"minecraft:leather_leggings":4,"minecraft:redstone_lamp":1,"minecraft:potato":1,"minecraft:potion":36,"minecraft:wither_skeleton_skull":1,"minecraft:leather_boots":6,"minecraft:bone":197,"minecraft:gold_nugget":191,"minecraft:netherite_sword":9,"minecraft:red_dye":2,"minecraft:player_head":143,"minecraft:glass_bottle":1,"minecraft:chest":5057,"minecraft:oak_planks":128,"minecraft:green_dye":2,"minecraft:tipped_arrow":10074,"minecraft:stone":9,"minecraft:chain_command_block":9,"minecraft:grass_block":4,"minecraft:trapped_chest":4,"minecraft:arrow":29,"minecraft:dispenser":1,"minecraft:repeating_command_block":6,"minecraft:stone_sword":1,"minecraft:cactus":1,"minecraft:command_block":5,"minecraft:rotten_flesh":22,"minecraft:lever":8,"minecraft:crossbow":1,"minecraft:warped_sign":4,"minecraft:hopper":1,"minecraft:coal":28},"minecraft:dropped":{"minecraft:repeating_command_block":2,"minecraft:lever":3,"minecraft:player_head":1111,"minecraft:glass_bottle":1,"minecraft:netherite_sword":5,"minecraft:crossbow":2,"minecraft:rotten_flesh":8,"minecraft:warped_sign":2,"minecraft:command_block":2,"minecraft:grass_block":5,"minecraft:coal":219,"minecraft:redstone_lamp":2,"minecraft:leather_chestplate":3,"minecraft:tipped_arrow":192,"minecraft:stone":7,"minecraft:dispenser":2,"minecraft:repeater":3,"minecraft:hopper":1,"minecraft:chest":1,"minecraft:gold_nugget":649,"minecraft:chain_command_block":14,"minecraft:cactus":2,"minecraft:trapped_chest":7,"minecraft:bone":836},"minecraft:killed_by":{"minecraft:zombie":1},"minecraft:crafted":{"minecraft:player_head":3,"minecraft:air":0,"minecraft:gold_nugget":203},"minecraft:killed":{"minecraft:zombified_piglin":1,"minecraft:skeleton":3,"minecraft:zombie":9,"minecraft:drowned":1,"minecraft:wither_skeleton":28,"minecraft:skeleton_horse":13},"minecraft:used":{"minecraft:orange_dye":1,"minecraft:netherite_sword":569,"minecraft:polished_blackstone_brick_slab":3,"minecraft:end_rod":1,"minecraft:gray_carpet":2,"minecraft:dispenser":5,"minecraft:redstone":34,"minecraft:black_carpet":1,"minecraft:chest":2,"minecraft:stone":136,"minecraft:warped_sign":15,"minecraft:glow_ink_sac":13,"minecraft:player_head":3,"minecraft:polished_blackstone_pressure_plate":1,"minecraft:polished_deepslate_slab":17,"minecraft:brewing_stand":2,"minecraft:anvil":3,"minecraft:target":8,"minecraft:comparator":6,"minecraft:green_dye":12,"minecraft:hopper":9,"minecraft:crossbow":2,"minecraft:note_block":1,"minecraft:yellow_dye":3,"minecraft:polished_deepslate_stairs":5,"minecraft:honey_bottle":2,"minecraft:birch_fence":2,"minecraft:redstone_torch":9,"minecraft:black_wool":2,"minecraft:lever":46,"minecraft:black_concrete":6,"minecraft:cyan_terracotta":46,"minecraft:command_block":32,"minecraft:gray_stained_glass_pane":7,"minecraft:grass_block":27,"minecraft:polished_deepslate_wall":2,"minecraft:stone_button":1,"minecraft:spruce_trapdoor":1,"minecraft:lime_dye":2,"minecraft:birch_button":1,"minecraft:repeater":20,"minecraft:redstone_lamp":6,"minecraft:potion":3,"minecraft:written_book":10,"minecraft:chain_command_block":102,"minecraft:trapped_chest":12,"minecraft:repeating_command_block":13,"minecraft:red_dye":3,"minecraft:observer":4,"minecraft:polished_blackstone_stairs":3}},"DataVersion":3120}